municipio,data,taxa
170025,2019-01-01,23.264831329972857
170030,2019-01-01,17.822664488341008
170035,2019-01-01,51.94805194805195
170040,2019-01-01,11.339475549255846
170070,2019-01-01,48.73989538754161
170100,2019-01-01,54.455963975285364
170105,2019-01-01,37.86775415088844
170110,2019-01-01,14.598540145985401
170130,2019-01-01,41.68113928447377
170190,2019-01-01,55.0381033022862
170200,2019-01-01,49.313138429024306
170210,2019-01-01,47.0992408710589
170215,2019-01-01,33.16460115203351
170220,2019-01-01,25.167081457453648
170230,2019-01-01,84.29926238145416
170240,2019-01-01,35.01466830699347
170255,2019-01-01,25.526830328046927
170270,2019-01-01,15.970188980569603
170290,2019-01-01,27.675276752767527
170300,2019-01-01,27.19429857464366
170305,2019-01-01,36.58879819870532
170307,2019-01-01,28.316270964931388
170310,2019-01-01,33.73579545454545
170320,2019-01-01,67.27965911639382
170330,2019-01-01,30.64977523498161
170360,2019-01-01,22.716946842344388
170370,2019-01-01,41.84100418410041
170380,2019-01-01,18.505463517800493
170382,2019-01-01,52.747252747252745
170384,2019-01-01,22.736259391063662
170386,2019-01-01,34.230944774075766
170388,2019-01-01,38.75968992248062
170389,2019-01-01,21.978021978021978
170390,2019-01-01,31.66325200223505
170410,2019-01-01,13.769363166953529
170460,2019-01-01,64.01137980085348
170510,2019-01-01,45.00450045004501
170550,2019-01-01,47.70776874435411
170555,2019-01-01,14.427040395713108
170560,2019-01-01,21.924482338611448
170600,2019-01-01,34.001431639226915
170610,2019-01-01,37.04211826039237
170625,2019-01-01,52.264808362369344
170650,2019-01-01,44.2840741348204
170700,2019-01-01,19.422738154388185
170710,2019-01-01,28.985507246376812
170720,2019-01-01,23.617671575437623
170730,2019-01-01,27.742210840802393
170740,2019-01-01,13.641324117861041
170755,2019-01-01,44.32855280312908
170765,2019-01-01,32.30096902907087
170770,2019-01-01,23.712737127371273
170820,2019-01-01,37.960954446854664
170825,2019-01-01,46.349942062572424
170830,2019-01-01,15.615850087839158
170900,2019-01-01,38.40540748137337
170930,2019-01-01,44.747907263819776
170950,2019-01-01,42.124943737232684
170980,2019-01-01,49.62779156327544
171050,2019-01-01,51.12336876093099
171070,2019-01-01,11.937244201909959
171090,2019-01-01,13.238019592268996
171110,2019-01-01,20.601565718994646
171150,2019-01-01,38.97116134060795
171180,2019-01-01,59.27952576379389
171190,2019-01-01,26.952159916148833
171195,2019-01-01,20.852641334569046
171200,2019-01-01,67.00701978302489
171215,2019-01-01,10.400416016640667
171240,2019-01-01,5.347593582887701
171245,2019-01-01,38.61003861003861
171250,2019-01-01,25.1207729468599
171270,2019-01-01,37.257824143070046
171280,2019-01-01,8.756567425569177
171320,2019-01-01,64.11661551950898
171330,2019-01-01,39.45213637040345
171360,2019-01-01,42.78344029193406
171370,2019-01-01,35.103115401491884
171380,2019-01-01,18.023430459597478
171395,2019-01-01,36.60940580118277
171420,2019-01-01,44.35309389874513
171430,2019-01-01,28.219599794766545
171488,2019-01-01,32.15162027244268
171500,2019-01-01,28.169014084507044
171510,2019-01-01,32.2432058959005
171515,2019-01-01,25.72898799313894
171525,2019-01-01,25.71638501102131
171550,2019-01-01,44.96402877697842
171570,2019-01-01,24.892134085628943
171575,2019-01-01,31.335683509596553
171610,2019-01-01,43.900725825333645
171620,2019-01-01,50.722557182505504
171630,2019-01-01,63.930707362342744
171650,2019-01-01,39.77021652673442
171660,2019-01-01,36.598859477402335
171665,2019-01-01,16.432353478181486
171670,2019-01-01,28.031687995124923
171700,2019-01-01,60.71508882392624
171720,2019-01-01,23.11756935270806
171750,2019-01-01,53.56676247713614
171780,2019-01-01,19.582245430809397
171790,2019-01-01,46.025625077745985
171800,2019-01-01,3.185727938834024
171820,2019-01-01,81.68270137709867
171830,2019-01-01,15.417457305502847
171840,2019-01-01,21.71552660152009
171845,2019-01-01,33.482142857142854
171850,2019-01-01,13.97624039133473
171855,2019-01-01,47.36275565123789
171865,2019-01-01,9.389671361502348
171870,2019-01-01,56.457304163726185
171875,2019-01-01,13.89317690645261
171880,2019-01-01,16.981532583315644
171884,2019-01-01,71.11111111111111
171886,2019-01-01,31.948881789137378
171888,2019-01-01,11.648223645894001
171889,2019-01-01,8.456659619450317
171890,2019-01-01,49.69973079312487
171900,2019-01-01,17.445917655268666
172000,2019-01-01,27.6789244760775
172010,2019-01-01,20.66115702479339
172015,2019-01-01,31.545741324921135
172020,2019-01-01,1.6475821731608864
172025,2019-01-01,25.957170668397143
172030,2019-01-01,14.568158168574401
172049,2019-01-01,40.4040404040404
172065,2019-01-01,31.46400148065889
172080,2019-01-01,12.182965998449442
172085,2019-01-01,30.51881993896236
172090,2019-01-01,11.388838937840914
172093,2019-01-01,27.932960893854748
172097,2019-01-01,32.2234156820623
172100,2019-01-01,20.593259719115963
172110,2019-01-01,42.41219350563287
172120,2019-01-01,49.84696108439003
172125,2019-01-01,26.441036488630353
172130,2019-01-01,14.97566454511419
172208,2019-01-01,29.10211418300094
172210,2019-01-01,74.52339688041594
170025,2019-02-01,23.264831329972857
170030,2019-02-01,17.822664488341008
170035,2019-02-01,40.81632653061225
170040,2019-02-01,29.766123316796598
170070,2019-02-01,46.36233951497861
170100,2019-02-01,47.125353440150796
170105,2019-02-01,46.6064666472473
170110,2019-02-01,35.45359749739312
170130,2019-02-01,27.78742618964918
170190,2019-02-01,21.168501270110077
170200,2019-02-01,82.18856404837385
170210,2019-02-01,53.85936720784618
170215,2019-02-01,78.54773957060569
170220,2019-02-01,25.446715695869802
170230,2019-02-01,72.25651061267499
170240,2019-02-01,21.76587489353648
170255,2019-02-01,29.87182272431023
170270,2019-02-01,21.293585307426138
170290,2019-02-01,15.375153751537516
170300,2019-02-01,30.945236309077266
170305,2019-02-01,50.66141289051505
170307,2019-02-01,34.850795033761706
170310,2019-02-01,26.633522727272727
170320,2019-02-01,40.36779546983628
170330,2019-02-01,28.606456885982837
170360,2019-02-01,22.716946842344388
170370,2019-02-01,40.021830089139534
170380,2019-02-01,12.336975678533664
170382,2019-02-01,8.791208791208792
170384,2019-02-01,28.66745749308027
170386,2019-02-01,36.51300775901415
170388,2019-02-01,42.63565891472868
170389,2019-02-01,9.768009768009769
170390,2019-02-01,22.350530825107096
170410,2019-02-01,13.769363166953529
170460,2019-02-01,71.12375533428165
170510,2019-02-01,33.00330033003301
170550,2019-02-01,36.69828364950316
170555,2019-02-01,22.67106347897774
170560,2019-02-01,31.668696711327648
170600,2019-02-01,21.47458840372226
170610,2019-02-01,45.273700096035114
170625,2019-02-01,52.264808362369344
170650,2019-02-01,29.52271608988027
170700,2019-02-01,19.422738154388185
170710,2019-02-01,30.434782608695652
170720,2019-02-01,29.174770769658238
170730,2019-02-01,12.804097311139564
170740,2019-02-01,12.731902510003637
170755,2019-02-01,46.9361147327249
170765,2019-02-01,34.20102603078092
170770,2019-02-01,30.48780487804878
170820,2019-02-01,29.284164859002168
170825,2019-02-01,69.52491309385863
170830,2019-02-01,31.231700175678316
170900,2019-02-01,37.63729933174591
170930,2019-02-01,42.047602515140994
170950,2019-02-01,38.085565570648725
170980,2019-02-01,44.66501240694789
171050,2019-02-01,45.741961522938254
171070,2019-02-01,10.231923601637106
171090,2019-02-01,34.41885093989939
171110,2019-02-01,41.20313143798929
171150,2019-02-01,46.765393608729546
171180,2019-02-01,50.159598723210216
171190,2019-02-01,41.176910983005165
171195,2019-02-01,25.486561631139942
171200,2019-02-01,51.05296745373325
171215,2019-02-01,26.001040041601662
171240,2019-02-01,32.0855614973262
171245,2019-02-01,12.87001287001287
171250,2019-02-01,63.768115942028984
171270,2019-02-01,33.53204172876304
171280,2019-02-01,14.594279042615295
171320,2019-02-01,63.020604997807986
171330,2019-02-01,42.42965609647164
171360,2019-02-01,46.55844972945766
171370,2019-02-01,57.04256252742431
171380,2019-02-01,16.521477921297688
171395,2019-02-01,45.057730216840326
171420,2019-02-01,50.843790566854175
171430,2019-02-01,20.52334530528476
171488,2019-02-01,37.22819189440731
171500,2019-02-01,44.60093896713615
171510,2019-02-01,64.486411791801
171515,2019-02-01,21.44082332761578
171525,2019-02-01,29.390154298310065
171550,2019-02-01,62.94964028776978
171570,2019-02-01,31.530036508463326
171575,2019-02-01,27.418723070896984
171610,2019-02-01,42.534925466323266
171620,2019-02-01,48.80849842090152
171630,2019-02-01,30.934213239843267
171650,2019-02-01,22.831050228310502
171660,2019-02-01,43.407949612733
171665,2019-02-01,38.3421581157568
171670,2019-02-01,41.438147471054236
171700,2019-02-01,44.974139869575
171720,2019-02-01,29.722589167767502
171750,2019-02-01,67.9383328978312
171780,2019-02-01,10.879025239338555
171790,2019-02-01,60.95285483269063
171820,2019-02-01,80.73948311639313
171830,2019-02-01,7.115749525616698
171840,2019-02-01,32.57328990228013
171845,2019-02-01,14.88095238095238
171850,2019-02-01,32.61122757978104
171855,2019-02-01,34.445640473627556
171865,2019-02-01,28.169014084507044
171870,2019-02-01,45.87155963302752
171875,2019-02-01,21.6116085211485
171880,2019-02-01,19.1042241562301
171884,2019-02-01,71.11111111111111
171886,2019-02-01,45.260915867944625
171888,2019-02-01,5.824111822947001
171889,2019-02-01,16.913319238900634
171890,2019-02-01,31.062331745703045
171900,2019-02-01,38.381018841591064
172000,2019-02-01,19.770660340055358
172010,2019-02-01,61.98347107438017
172015,2019-02-01,25.23659305993691
172020,2019-02-01,2.4713732597413296
172025,2019-02-01,19.46787800129786
172030,2019-02-01,24.97398543184183
172049,2019-02-01,45.45454545454545
172065,2019-02-01,33.31482509716824
172080,2019-02-01,13.290508361944843
172085,2019-02-01,20.34587995930824
172090,2019-02-01,9.590601210813402
172093,2019-02-01,23.277467411545626
172097,2019-02-01,14.321518080916578
172100,2019-02-01,28.783760743764354
172110,2019-02-01,74.22133863485753
172120,2019-02-01,52.90773939658942
172130,2019-02-01,22.463496817671285
172208,2019-02-01,23.110502439441923
172210,2019-02-01,90.98786828422877
170025,2019-03-01,38.774718883288095
170030,2019-03-01,20.793108569731174
170035,2019-03-01,29.68460111317254
170040,2019-03-01,32.60099220411056
170070,2019-03-01,54.68378506894912
170100,2019-03-01,54.455963975285364
170105,2019-03-01,26.21613748907661
170110,2019-03-01,52.137643378519286
170130,2019-03-01,45.15456755817993
170190,2019-03-01,25.40220152413209
170200,2019-03-01,84.53680873547023
170210,2019-03-01,60.00997395689035
170215,2019-03-01,41.8921277709897
170220,2019-03-01,20.69293364279522
170230,2019-03-01,93.33132620803853
170240,2019-03-01,27.443929213589474
170255,2019-03-01,21.724961981316532
170270,2019-03-01,7.985094490284801
170290,2019-03-01,12.300123001230013
170300,2019-03-01,32.82070517629408
170305,2019-03-01,73.17759639741064
170307,2019-03-01,63.1670659986931
170310,2019-03-01,21.30681818181818
170320,2019-03-01,60.55169320475443
170330,2019-03-01,24.51982018798529
170360,2019-03-01,27.260336210813268
170370,2019-03-01,25.468437329452428
170380,2019-03-01,17.624250969333804
170382,2019-03-01,35.16483516483517
170384,2019-03-01,35.587188612099645
170386,2019-03-01,54.76951163852123
170388,2019-03-01,46.51162790697674
170389,2019-03-01,14.652014652014651
170390,2019-03-01,24.213075060532688
170410,2019-03-01,30.981067125645442
170460,2019-03-01,106.68563300142247
170510,2019-03-01,69.00690069006902
170550,2019-03-01,49.68383017163505
170555,2019-03-01,20.61005770816158
170560,2019-03-01,38.9768574908648
170600,2019-03-01,12.526843235504654
170610,2019-03-01,39.78597887227328
170625,2019-03-01,29.036004645760745
170650,2019-03-01,39.36362145317369
170700,2019-03-01,25.74642034418899
170710,2019-03-01,33.333333333333336
170720,2019-03-01,20.839121978327313
170730,2019-03-01,19.206145966709347
170740,2019-03-01,12.731902510003637
170755,2019-03-01,44.32855280312908
170765,2019-03-01,17.10051301539046
170770,2019-03-01,41.77958446251129
170820,2019-03-01,34.70715835140998
170825,2019-03-01,50.21243723445346
170830,2019-03-01,21.47179387077884
170900,2019-03-01,43.78216452876565
170930,2019-03-01,39.73305558770205
170950,2019-03-01,37.39310074209148
170980,2019-03-01,54.59057071960298
171050,2019-03-01,34.979147046952775
171070,2019-03-01,8.526603001364256
171090,2019-03-01,23.828435266084195
171110,2019-03-01,28.8421920065925
171150,2019-03-01,20.784619381657574
171180,2019-03-01,18.23985408116735
171190,2019-03-01,35.18754211274987
171195,2019-03-01,27.803521779425395
171200,2019-03-01,31.90810465858328
171215,2019-03-01,10.400416016640667
171240,2019-03-01,16.0427807486631
171245,2019-03-01,41.82754182754183
171250,2019-03-01,30.917874396135264
171270,2019-03-01,29.806259314456035
171280,2019-03-01,20.431990659661412
171320,2019-03-01,56.992547128452436
171330,2019-03-01,32.00833705523299
171360,2019-03-01,26.425066062665156
171370,2019-03-01,39.49100482667837
171380,2019-03-01,19.525382997897268
171395,2019-03-01,30.977189524077726
171420,2019-03-01,59.498052790999566
171430,2019-03-01,28.219599794766545
171488,2019-03-01,38.07428716473475
171500,2019-03-01,14.084507042253522
171510,2019-03-01,39.1524643021649
171515,2019-03-01,12.86449399656947
171525,2019-03-01,11.021307861866275
171550,2019-03-01,89.92805755395683
171570,2019-03-01,33.18951211417192
171575,2019-03-01,22.196109152630893
171610,2019-03-01,39.217981737298054
171620,2019-03-01,49.76552780170351
171630,2019-03-01,70.1175500103114
171650,2019-03-01,43.452643982913536
171660,2019-03-01,45.961358413481996
171665,2019-03-01,31.0388899032317
171670,2019-03-01,28.031687995124923
171700,2019-03-01,35.97931189566
171720,2019-03-01,29.722589167767502
171750,2019-03-01,60.09929448654298
171780,2019-03-01,15.230635335073979
171790,2019-03-01,47.26956089065804
171800,2019-03-01,19.11436763300414
171820,2019-03-01,69.2322203357857
171830,2019-03-01,8.301707779886147
171840,2019-03-01,27.144408251900106
171845,2019-03-01,33.482142857142854
171850,2019-03-01,9.317493594223155
171855,2019-03-01,58.1270182992465
171865,2019-03-01,23.474178403755868
171870,2019-03-01,42.34297812279464
171875,2019-03-01,10.80580426057425
171880,2019-03-01,8.490766291657822
171884,2019-03-01,44.44444444444444
171886,2019-03-01,38.604898828541
171888,2019-03-01,23.296447291788002
171889,2019-03-01,12.684989429175475
171890,2019-03-01,45.558086560364465
171900,2019-03-01,31.4026517794836
172000,2019-03-01,11.862396204033216
172010,2019-03-01,18.782870022539445
172015,2019-03-01,12.618296529968456
172020,2019-03-01,1.6475821731608864
172025,2019-03-01,12.978585334198572
172030,2019-03-01,16.64932362122789
172049,2019-03-01,50.50505050505051
172065,2019-03-01,68.48047381084582
172080,2019-03-01,1.1075423634954036
172085,2019-03-01,25.4323499491353
172090,2019-03-01,12.587664089192591
172093,2019-03-01,27.932960893854748
172097,2019-03-01,32.2234156820623
172100,2019-03-01,29.68638738729703
172110,2019-03-01,72.89595758780649
172120,2019-03-01,37.603847835592475
172125,2019-03-01,15.864621893178212
172130,2019-03-01,18.71958068139274
172208,2019-03-01,27.39022511341265
172210,2019-03-01,86.65511265164645
170025,2019-04-01,27.14230321830167
170030,2019-04-01,25.24877469181643
170035,2019-04-01,35.250463821892396
170040,2019-04-01,62.367115520907156
170070,2019-04-01,83.21445553970518
170100,2019-04-01,47.125353440150796
170105,2019-04-01,29.129041654529566
170110,2019-04-01,45.88112617309697
170130,2019-04-01,34.73428273706148
170190,2019-04-01,32.45836861416878
170200,2019-04-01,89.23329810966304
170210,2019-04-01,51.975397573003825
170215,2019-04-01,47.128643742363415
170220,2019-04-01,21.531836358043677
170230,2019-04-01,91.82598223694114
170240,2019-04-01,39.74638024037097
170255,2019-04-01,22.81121008038236
170270,2019-04-01,15.970188980569603
170290,2019-04-01,17.42517425174252
170300,2019-04-01,33.758439609902474
170305,2019-04-01,59.104981705600906
170307,2019-04-01,30.494445654541494
170310,2019-04-01,15.980113636363637
170320,2019-04-01,65.03700381251402
170330,2019-04-01,32.693093583980385
170360,2019-04-01,36.347114947751024
170370,2019-04-01,60.03274513370929
170380,2019-04-01,14.980613323933731
170382,2019-04-01,61.53846153846154
170384,2019-04-01,32.62158956109134
170386,2019-04-01,47.92332268370607
170388,2019-04-01,62.01550387596899
170389,2019-04-01,2.442002442002442
170390,2019-04-01,44.70106165021419
170410,2019-04-01,13.769363166953529
170460,2019-04-01,113.79800853485065
170510,2019-04-01,84.00840084008401
170550,2019-04-01,46.29629629629629
170555,2019-04-01,32.97609233305853
170560,2019-04-01,29.2326431181486
170600,2019-04-01,14.316392269148174
170610,2019-04-01,38.41404856633283
170625,2019-04-01,52.264808362369344
170650,2019-04-01,36.08331966540922
170700,2019-04-01,24.391345589231673
170710,2019-04-01,34.78260869565217
170720,2019-04-01,44.45679355376493
170730,2019-04-01,21.34016218523261
170740,2019-04-01,20.00727537286286
170755,2019-04-01,33.898305084745765
170765,2019-04-01,51.301539046171385
170770,2019-04-01,29.35862691960253
170820,2019-04-01,30.91106290672451
170825,2019-04-01,50.21243723445346
170830,2019-04-01,27.327737653718522
170900,2019-04-01,33.79675858360857
170930,2019-04-01,41.276086872661345
170950,2019-04-01,41.66330051819452
170980,2019-04-01,39.702233250620345
171050,2019-04-01,79.37575676039285
171070,2019-04-01,6.8212824010914055
171090,2019-04-01,29.123643102991792
171110,2019-04-01,24.72187886279357
171150,2019-04-01,54.55962587685113
171180,2019-04-01,41.03967168262654
171190,2019-04-01,28.449502133712663
171195,2019-04-01,37.071362372567194
171200,2019-04-01,79.7702616464582
171215,2019-04-01,10.400416016640667
171240,2019-04-01,21.390374331550802
171245,2019-04-01,35.39253539253539
171250,2019-04-01,30.917874396135264
171270,2019-04-01,29.806259314456035
171280,2019-04-01,17.513134851138354
171320,2019-04-01,73.43270495396756
171330,2019-04-01,49.12907548012505
171360,2019-04-01,32.716748458537815
171370,2019-04-01,43.87889425186486
171380,2019-04-01,28.537098227696006
171395,2019-04-01,14.080540692762602
171420,2019-04-01,42.18952834270879
171430,2019-04-01,30.785017957927142
171488,2019-04-01,35.53600135375243
171500,2019-04-01,32.863849765258216
171510,2019-04-01,48.36480884385076
171515,2019-04-01,8.576329331046312
171525,2019-04-01,18.368846436443793
171550,2019-04-01,44.96402877697842
171570,2019-04-01,33.18951211417192
171575,2019-04-01,30.03003003003003
171610,2019-04-01,36.876609693280265
171620,2019-04-01,55.50770408651546
171630,2019-04-01,41.245617653124356
171650,2019-04-01,36.08778907055531
171660,2019-04-01,47.663630947314665
171665,2019-04-01,29.21307285010042
171670,2019-04-01,31.687995124923827
171700,2019-04-01,40.476725882617494
171720,2019-04-01,19.815059445178335
171750,2019-04-01,81.00339691664489
171780,2019-04-01,6.527415143603133
171790,2019-04-01,33.58626694862545
171800,2019-04-01,22.300095571838167
171820,2019-04-01,68.28900207508018
171830,2019-04-01,11.859582542694497
171840,2019-04-01,21.71552660152009
171845,2019-04-01,44.64285714285714
171850,2019-04-01,27.95248078266946
171855,2019-04-01,27.98708288482239
171865,2019-04-01,32.863849765258216
171870,2019-04-01,42.34297812279464
171875,2019-04-01,16.980549552330967
171880,2019-04-01,12.736149437486734
171884,2019-04-01,59.25925925925926
171886,2019-04-01,38.604898828541
171888,2019-04-01,46.592894583576005
171889,2019-04-01,29.59830866807611
171890,2019-04-01,47.628908676744665
171900,2019-04-01,34.89183531053733
172000,2019-04-01,35.587188612099645
172010,2019-04-01,16.9045830202855
172015,2019-04-01,31.545741324921135
172020,2019-04-01,1.6475821731608864
172025,2019-04-01,9.73393900064893
172030,2019-04-01,16.64932362122789
172049,2019-04-01,50.50505050505051
172065,2019-04-01,44.41976679622432
172080,2019-04-01,9.967881271458632
172085,2019-04-01,20.34587995930824
172090,2019-04-01,11.388838937840914
172093,2019-04-01,27.932960893854748
172097,2019-04-01,57.28607232366631
172100,2019-04-01,35.83762080989011
172110,2019-04-01,98.078197481776
172120,2019-04-01,59.02929602098819
172125,2019-04-01,42.30565838180857
172130,2019-04-01,29.95132909022838
172208,2019-04-01,23.96644697423607
172210,2019-04-01,58.05892547660312
170025,2019-05-01,46.529662659945714
170030,2019-05-01,23.76355265112134
170035,2019-05-01,29.68460111317254
170040,2019-05-01,28.34868887313962
170070,2019-05-01,70.13789824060866
170100,2019-05-01,63.88103466331553
170105,2019-05-01,32.04194581998252
170110,2019-05-01,77.16371220020855
170130,2019-05-01,45.15456755817993
170190,2019-05-01,18.3460344340954
170200,2019-05-01,95.10390982740402
170210,2019-05-01,50.645536654291575
170215,2019-05-01,50.619654389945886
170220,2019-05-01,23.48927602695674
170230,2019-05-01,102.36339003462292
170240,2019-05-01,35.96101069366897
170255,2019-05-01,28.24245057571149
170270,2019-05-01,39.925472451424014
170290,2019-05-01,17.42517425174252
170300,2019-05-01,30.00750187546887
170305,2019-05-01,67.54855052068675
170307,2019-05-01,50.09801786103245
170310,2019-05-01,26.633522727272727
170320,2019-05-01,87.46355685131195
170330,2019-05-01,28.606456885982837
170360,2019-05-01,31.803725579282144
170370,2019-05-01,52.75604875386575
170380,2019-05-01,14.099400775467043
170382,2019-05-01,21.978021978021978
170384,2019-05-01,31.633056544088575
170386,2019-05-01,31.948881789137378
170388,2019-05-01,38.75968992248062
170389,2019-05-01,17.094017094017094
170390,2019-05-01,33.52579623766064
170410,2019-05-01,30.981067125645442
170460,2019-05-01,7.112375533428166
170510,2019-05-01,36.003600360036
170550,2019-05-01,53.35365853658537
170555,2019-05-01,14.427040395713108
170560,2019-05-01,51.15712545676005
170600,2019-05-01,10.73729420186113
170610,2019-05-01,37.04211826039237
170625,2019-05-01,11.614401858304298
170650,2019-05-01,42.643923240938165
170700,2019-05-01,20.32612132435973
170710,2019-05-01,33.333333333333336
170720,2019-05-01,51.40316754654071
170730,2019-05-01,32.01024327784891
170740,2019-05-01,22.735540196435064
170755,2019-05-01,39.11342894393742
170765,2019-05-01,39.901197035911075
170770,2019-05-01,39.52122854561879
170820,2019-05-01,38.50325379609545
170825,2019-05-01,42.48744689069139
170830,2019-05-01,25.375756392738626
170900,2019-05-01,62.984868269452335
170930,2019-05-01,44.747907263819776
170950,2019-05-01,37.85474396112964
170980,2019-05-01,69.4789081885856
171050,2019-05-01,67.26759047490918
171070,2019-05-01,13.642564802182811
171090,2019-05-01,45.00926661371459
171110,2019-05-01,78.28594973217965
171150,2019-05-01,20.784619381657574
171180,2019-05-01,41.03967168262654
171190,2019-05-01,35.18754211274987
171195,2019-05-01,34.75440222428174
171200,2019-05-01,47.86215698787492
171215,2019-05-01,31.201248049921997
171240,2019-05-01,18.71657754010695
171245,2019-05-01,51.48005148005148
171250,2019-05-01,30.917874396135264
171270,2019-05-01,59.61251862891207
171280,2019-05-01,8.756567425569177
171320,2019-05-01,89.87286277948269
171330,2019-05-01,70.7160934941194
171360,2019-05-01,35.23342141688688
171370,2019-05-01,52.65467310223783
171380,2019-05-01,36.046860919194955
171395,2019-05-01,56.32216277105041
171420,2019-05-01,31.371700562527046
171430,2019-05-01,33.35043612108774
171488,2019-05-01,39.766477705389626
171500,2019-05-01,39.906103286384976
171510,2019-05-01,34.54629203132197
171515,2019-05-01,4.288164665523156
171525,2019-05-01,3.673769287288758
171550,2019-05-01,53.9568345323741
171570,2019-05-01,21.57318287421175
171575,2019-05-01,30.03003003003003
171610,2019-05-01,47.99812690236479
171620,2019-05-01,55.50770408651546
171630,2019-05-01,61.86842647968653
171650,2019-05-01,36.08778907055531
171660,2019-05-01,53.621584815729
171665,2019-05-01,47.47124338141318
171670,2019-05-01,15.843997562461913
171700,2019-05-01,29.233190915223744
171720,2019-05-01,23.11756935270806
171750,2019-05-01,78.39038411288215
171780,2019-05-01,21.75805047867711
171790,2019-05-01,53.48923995521831
171800,2019-05-01,25.48582351067219
171820,2019-05-01,82.43727598566309
171830,2019-05-01,7.115749525616698
171840,2019-05-01,40.71661237785016
171845,2019-05-01,40.92261904761905
171850,2019-05-01,25.62310738411367
171855,2019-05-01,40.90419806243273
171865,2019-05-01,70.4225352112676
171870,2019-05-01,59.985885673959075
171875,2019-05-01,12.34949058351343
171880,2019-05-01,14.858841010401187
171884,2019-05-01,56.29629629629629
171886,2019-05-01,26.624068157614484
171888,2019-05-01,23.296447291788002
171889,2019-05-01,29.59830866807611
171890,2019-05-01,78.69124042244772
171900,2019-05-01,24.424284717376132
172000,2019-05-01,19.770660340055358
172010,2019-05-01,24.41773102930128
172015,2019-05-01,88.32807570977917
172020,2019-05-01,1.6475821731608864
172025,2019-05-01,29.201817001946786
172030,2019-05-01,12.486992715920914
172049,2019-05-01,47.97979797979798
172065,2019-05-01,66.62965019433648
172080,2019-05-01,9.967881271458632
172085,2019-05-01,50.8646998982706
172090,2019-05-01,7.7923634837858895
172093,2019-05-01,13.966480446927374
172097,2019-05-01,25.062656641604008
172100,2019-05-01,38.61236197334243
172110,2019-05-01,107.35586481113319
172120,2019-05-01,59.90380411018803
172125,2019-05-01,26.441036488630353
172130,2019-05-01,29.95132909022838
172208,2019-05-01,29.958058717795087
172210,2019-05-01,77.12305025996534
170025,2019-06-01,46.529662659945714
170030,2019-06-01,14.852220406950838
170035,2019-06-01,37.10575139146568
170040,2019-06-01,28.34868887313962
170070,2019-06-01,84.40323347598668
170100,2019-06-01,52.36150382238978
170105,2019-06-01,17.47742499271774
170110,2019-06-01,62.56517205422315
170130,2019-06-01,32.9975686002084
170190,2019-06-01,23.990968106124754
170200,2019-06-01,84.53680873547023
170210,2019-06-01,43.22047985814817
170215,2019-06-01,34.910106475824755
170220,2019-06-01,20.69293364279522
170230,2019-06-01,102.36339003462292
170240,2019-06-01,45.42443456042396
170255,2019-06-01,19.552465783184882
170270,2019-06-01,7.985094490284801
170290,2019-06-01,23.575235752357525
170300,2019-06-01,24.381095273818456
170305,2019-06-01,64.7340275823248
170307,2019-06-01,47.91984317142235
170310,2019-06-01,24.857954545454547
170320,2019-06-01,58.309037900874635
170330,2019-06-01,22.476501838986515
170360,2019-06-01,45.433893684688776
170370,2019-06-01,60.03274513370929
170380,2019-06-01,15.861825872400424
170382,2019-06-01,35.16483516483517
170384,2019-06-01,35.587188612099645
170386,2019-06-01,31.948881789137378
170388,2019-06-01,42.63565891472868
170389,2019-06-01,26.862026862026863
170390,2019-06-01,55.87632706276774
170410,2019-06-01,30.981067125645442
170460,2019-06-01,21.337126600284495
170510,2019-06-01,51.005100510051
170550,2019-06-01,35.56910569105691
170555,2019-06-01,26.793075020610058
170560,2019-06-01,31.668696711327648
170600,2019-06-01,14.316392269148174
170610,2019-06-01,42.5298394841542
170625,2019-06-01,23.228803716608596
170650,2019-06-01,31.16286698376251
170700,2019-06-01,23.036270834274358
170710,2019-06-01,47.826086956521735
170720,2019-06-01,27.785495971103085
170730,2019-06-01,23.474178403755868
170740,2019-06-01,10.00363768643143
170755,2019-06-01,28.683181225554105
170765,2019-06-01,36.101083032490976
170770,2019-06-01,28.22944896115628
170820,2019-06-01,45.01084598698481
170825,2019-06-01,50.21243723445346
170830,2019-06-01,33.18368143665821
170900,2019-06-01,39.94162378062831
170930,2019-06-01,43.20487597886048
170950,2019-06-01,37.739333156370094
170980,2019-06-01,19.851116625310173
171050,2019-06-01,32.28844342795641
171070,2019-06-01,5.115961800818553
171090,2019-06-01,21.180831347630395
171110,2019-06-01,16.481252575195715
171150,2019-06-01,33.77500649519356
171180,2019-06-01,31.919744642042865
171190,2019-06-01,56.899004267425326
171195,2019-06-01,46.339202965708985
171200,2019-06-01,73.38864071474154
171215,2019-06-01,10.400416016640667
171240,2019-06-01,16.0427807486631
171245,2019-06-01,28.957528957528957
171250,2019-06-01,30.917874396135264
171270,2019-06-01,26.080476900149034
171280,2019-06-01,14.594279042615295
171320,2019-06-01,77.26874177992109
171330,2019-06-01,48.384695548608015
171360,2019-06-01,37.75009437523594
171370,2019-06-01,48.266783677051336
171380,2019-06-01,16.521477921297688
171395,2019-06-01,36.60940580118277
171420,2019-06-01,41.10774556469061
171430,2019-06-01,35.91585428424833
171488,2019-06-01,44.84304932735426
171500,2019-06-01,44.60093896713615
171510,2019-06-01,41.45555043758637
171515,2019-06-01,12.86449399656947
171525,2019-06-01,25.71638501102131
171550,2019-06-01,143.88489208633095
171570,2019-06-01,28.211085297046132
171575,2019-06-01,36.55829742786265
171610,2019-06-01,35.12058066026692
171620,2019-06-01,71.7772035601493
171630,2019-06-01,57.74386471437409
171650,2019-06-01,41.243187509206074
171660,2019-06-01,44.25908587964933
171665,2019-06-01,25.561438743837865
171670,2019-06-01,32.90676416819013
171700,2019-06-01,42.72543287609625
171720,2019-06-01,36.327608982826945
171750,2019-06-01,54.87326887901751
171780,2019-06-01,17.40644038294169
171790,2019-06-01,33.58626694862545
171800,2019-06-01,6.371455877668048
171820,2019-06-01,74.32559894359555
171830,2019-06-01,2.3719165085388996
171840,2019-06-01,24.429967426710096
171845,2019-06-01,18.601190476190474
171850,2019-06-01,16.30561378989052
171855,2019-06-01,17.222820236813778
171865,2019-06-01,28.169014084507044
171870,2019-06-01,52.928722653493296
171875,2019-06-01,15.436863229391788
171880,2019-06-01,23.34960730205901
171884,2019-06-01,53.33333333333333
171886,2019-06-01,33.2800851970181
171888,2019-06-01,37.85672684915551
171889,2019-06-01,16.913319238900634
171890,2019-06-01,51.77055290950508
171900,2019-06-01,59.31612002791347
172000,2019-06-01,7.908264136022144
172010,2019-06-01,24.41773102930128
172015,2019-06-01,100.94637223974765
172020,2019-06-01,1.6475821731608864
172025,2019-06-01,22.712524334847505
172030,2019-06-01,18.730489073881373
172049,2019-06-01,35.35353535353536
172065,2019-06-01,38.86729594669628
172080,2019-06-01,6.6452541809724215
172085,2019-06-01,15.25940996948118
172090,2019-06-01,6.593538332434214
172093,2019-06-01,13.966480446927374
172097,2019-06-01,25.062656641604008
172100,2019-06-01,36.272218823442884
172110,2019-06-01,72.89595758780649
172120,2019-06-01,45.03716659379099
172125,2019-06-01,21.152829190904285
172130,2019-06-01,14.97566454511419
172208,2019-06-01,24.822391509030215
172210,2019-06-01,84.05545927209705
170025,2019-07-01,46.529662659945714
170030,2019-07-01,13.366998366255755
170035,2019-07-01,38.96103896103896
170040,2019-07-01,36.8532955350815
170070,2019-07-01,72.51545411317166
170100,2019-07-01,61.786574510419946
170105,2019-07-01,32.04194581998252
170110,2019-07-01,85.50573514077163
170130,2019-07-01,24.313997915943034
170190,2019-07-01,26.813434942139427
170200,2019-07-01,129.15345779030176
170210,2019-07-01,42.44472765556603
170215,2019-07-01,47.128643742363415
170220,2019-07-01,22.650373311708286
170230,2019-07-01,72.25651061267499
170240,2019-07-01,42.585407400397465
170255,2019-07-01,28.785574625244404
170270,2019-07-01,31.940377961139205
170290,2019-07-01,25.625256252562526
170300,2019-07-01,16.879219804951237
170305,2019-07-01,36.58879819870532
170307,2019-07-01,28.316270964931388
170310,2019-07-01,37.28693181818182
170320,2019-07-01,53.82372729311505
170330,2019-07-01,49.03964037597058
170360,2019-07-01,27.260336210813268
170370,2019-07-01,45.4793523740222
170380,2019-07-01,16.743038420867112
170382,2019-07-01,26.373626373626372
170384,2019-07-01,38.55278766310795
170386,2019-07-01,43.3591967138293
170388,2019-07-01,54.263565891472865
170389,2019-07-01,17.094017094017094
170390,2019-07-01,35.38834047308623
170410,2019-07-01,61.962134251290884
170460,2019-07-01,64.01137980085348
170510,2019-07-01,48.00480048004801
170550,2019-07-01,37.262872628726285
170555,2019-07-01,32.97609233305853
170560,2019-07-01,29.2326431181486
170600,2019-07-01,16.1059413027917
170610,2019-07-01,48.01756070791603
170625,2019-07-01,46.45760743321719
170650,2019-07-01,37.72347055929146
170700,2019-07-01,31.61841094900402
170710,2019-07-01,34.78260869565217
170720,2019-07-01,23.617671575437623
170730,2019-07-01,34.14425949637217
170740,2019-07-01,27.282648235722082
170755,2019-07-01,49.543676662320735
170765,2019-07-01,45.601368041041226
170770,2019-07-01,23.712737127371273
170820,2019-07-01,37.960954446854664
170825,2019-07-01,69.52491309385863
170830,2019-07-01,27.327737653718522
170900,2019-07-01,48.39081342653046
170930,2019-07-01,35.87547737530378
170950,2019-07-01,41.08624649439681
170980,2019-07-01,44.66501240694789
171050,2019-07-01,51.12336876093099
171070,2019-07-01,5.115961800818553
171090,2019-07-01,29.123643102991792
171110,2019-07-01,28.8421920065925
171150,2019-07-01,20.784619381657574
171180,2019-07-01,31.919744642042865
171190,2019-07-01,25.45481769858501
171195,2019-07-01,69.50880444856348
171200,2019-07-01,70.1978302488832
171215,2019-07-01,20.800832033281335
171240,2019-07-01,40.106951871657756
171245,2019-07-01,16.087516087516086
171250,2019-07-01,17.391304347826086
171270,2019-07-01,29.806259314456035
171280,2019-07-01,23.35084646818447
171320,2019-07-01,81.65278386672512
171330,2019-07-01,64.01667411046598
171360,2019-07-01,37.75009437523594
171370,2019-07-01,39.49100482667837
171380,2019-07-01,13.517572844698108
171395,2019-07-01,25.344973246972682
171420,2019-07-01,47.598442232799655
171430,2019-07-01,38.48127244740893
171488,2019-07-01,46.53523986800914
171500,2019-07-01,28.169014084507044
171510,2019-07-01,59.880239520958085
171515,2019-07-01,17.152658662092623
171525,2019-07-01,33.06392358559882
171550,2019-07-01,53.9568345323741
171570,2019-07-01,24.892134085628943
171575,2019-07-01,48.30917874396135
171610,2019-07-01,44.48606883633809
171620,2019-07-01,51.679586563307495
171630,2019-07-01,37.12105588781192
171650,2019-07-01,72.17557814111062
171660,2019-07-01,68.942037620223
171665,2019-07-01,27.387255796969143
171670,2019-07-01,36.56307129798903
171700,2019-07-01,35.97931189566
171720,2019-07-01,29.722589167767502
171750,2019-07-01,64.0188136921871
171780,2019-07-01,36.98868581375109
171790,2019-07-01,39.80594601318572
171800,2019-07-01,22.300095571838167
171820,2019-07-01,77.15525372571213
171830,2019-07-01,14.231499051233396
171840,2019-07-01,40.71661237785016
171845,2019-07-01,37.20238095238095
171850,2019-07-01,32.61122757978104
171855,2019-07-01,40.90419806243273
171865,2019-07-01,23.474178403755868
171870,2019-07-01,77.6287932251235
171875,2019-07-01,29.330040135844396
171880,2019-07-01,14.858841010401187
171884,2019-07-01,82.96296296296296
171886,2019-07-01,22.630457933972313
171888,2019-07-01,23.296447291788002
171889,2019-07-01,29.59830866807611
171890,2019-07-01,49.69973079312487
171900,2019-07-01,59.31612002791347
172000,2019-07-01,7.908264136022144
172010,2019-07-01,26.29601803155522
172015,2019-07-01,37.85488958990536
172020,2019-07-01,1.6475821731608864
172025,2019-07-01,16.223231667748216
172030,2019-07-01,20.811654526534863
172049,2019-07-01,70.70707070707071
172065,2019-07-01,49.97223764575236
172080,2019-07-01,5.537711817477018
172085,2019-07-01,40.69175991861648
172090,2019-07-01,26.9735659054127
172093,2019-07-01,41.899441340782126
172097,2019-07-01,32.2234156820623
172100,2019-07-01,54.358182310523624
172110,2019-07-01,86.14976805831677
172120,2019-07-01,49.84696108439003
172125,2019-07-01,47.59386567953464
172130,2019-07-01,26.20741295394983
172208,2019-07-01,17.97483523067705
172210,2019-07-01,75.38994800693241
170025,2019-08-01,50.40713454827452
170030,2019-08-01,22.27833061042626
170035,2019-08-01,37.10575139146568
170040,2019-08-01,21.261516654854713
170070,2019-08-01,67.76034236804566
170100,2019-08-01,49.219813593046396
170105,2019-08-01,43.69356248179435
170110,2019-08-01,87.59124087591242
170130,2019-08-01,27.78742618964918
170190,2019-08-01,26.813434942139427
170200,2019-08-01,120.93460138546436
170210,2019-08-01,46.933008256219864
170215,2019-08-01,45.38313841857218
170220,2019-08-01,17.89659125863371
170230,2019-08-01,85.80460635255156
170240,2019-08-01,35.01466830699347
170255,2019-08-01,30.414946773843145
170270,2019-08-01,23.955283470854404
170290,2019-08-01,29.72529725297253
170300,2019-08-01,26.25656414103526
170305,2019-08-01,67.54855052068675
170307,2019-08-01,45.74166848181224
170310,2019-08-01,39.0625
170320,2019-08-01,49.33841668535546
170330,2019-08-01,32.693093583980385
170360,2019-08-01,49.977283053157656
170370,2019-08-01,40.021830089139534
170380,2019-08-01,19.38667606626718
170382,2019-08-01,26.373626373626372
170384,2019-08-01,20.759193357058123
170386,2019-08-01,43.3591967138293
170388,2019-08-01,54.263565891472865
170389,2019-08-01,24.42002442002442
170390,2019-08-01,48.426150121065376
170410,2019-08-01,34.42340791738382
170460,2019-08-01,28.449502133712663
170510,2019-08-01,39.00390039003901
170550,2019-08-01,38.956639566395665
170555,2019-08-01,32.97609233305853
170560,2019-08-01,31.668696711327648
170600,2019-08-01,16.1059413027917
170610,2019-08-01,49.3894910138565
170625,2019-08-01,23.228803716608596
170650,2019-08-01,34.44316877152698
170700,2019-08-01,44.717466913591394
170710,2019-08-01,46.3768115942029
170720,2019-08-01,44.45679355376493
170730,2019-08-01,53.350405463081515
170740,2019-08-01,17.279010549290653
170755,2019-08-01,57.36636245110821
170765,2019-08-01,79.80239407182215
170770,2019-08-01,25.971093044263775
170820,2019-08-01,26.572668112798265
170825,2019-08-01,69.52491309385863
170830,2019-08-01,37.087643958617996
170900,2019-08-01,49.15892157615793
170930,2019-08-01,52.07730586737646
170950,2019-08-01,45.01021385622122
170980,2019-08-01,19.851116625310173
171050,2019-08-01,51.12336876093099
171070,2019-08-01,13.642564802182811
171090,2019-08-01,39.714058776806986
171110,2019-08-01,24.72187886279357
171150,2019-08-01,23.382696804364773
171180,2019-08-01,36.4797081623347
171190,2019-08-01,33.69019989518605
171195,2019-08-01,55.60704355885079
171200,2019-08-01,70.1978302488832
171215,2019-08-01,31.201248049921997
171240,2019-08-01,34.75935828877005
171245,2019-08-01,22.52252252252252
171250,2019-08-01,54.10628019323672
171270,2019-08-01,37.257824143070046
171280,2019-08-01,14.594279042615295
171320,2019-08-01,80.00876808417361
171330,2019-08-01,43.174036027988684
171360,2019-08-01,31.458411979363284
171370,2019-08-01,48.266783677051336
171380,2019-08-01,16.521477921297688
171395,2019-08-01,36.60940580118277
171420,2019-08-01,57.33448723496322
171430,2019-08-01,30.785017957927142
171488,2019-08-01,41.4586682460445
171500,2019-08-01,30.516431924882628
171510,2019-08-01,64.486411791801
171515,2019-08-01,30.01715265866209
171525,2019-08-01,18.368846436443793
171550,2019-08-01,35.97122302158274
171570,2019-08-01,39.827414537006305
171575,2019-08-01,49.61483222352787
171610,2019-08-01,46.827440880355894
171620,2019-08-01,42.10929275528759
171630,2019-08-01,49.49474118374923
171650,2019-08-01,69.22963617616733
171660,2019-08-01,42.55681334581667
171665,2019-08-01,41.99379222201935
171670,2019-08-01,35.344302254722734
171700,2019-08-01,26.984483921744996
171720,2019-08-01,39.63011889035667
171750,2019-08-01,57.486281682780245
171780,2019-08-01,17.40644038294169
171790,2019-08-01,47.26956089065804
171800,2019-08-01,38.22873526600828
171820,2019-08-01,78.66440294284098
171830,2019-08-01,14.231499051233396
171840,2019-08-01,43.43105320304018
171845,2019-08-01,59.52380952380952
171850,2019-08-01,23.293733985557886
171855,2019-08-01,43.05705059203444
171865,2019-08-01,28.169014084507044
171870,2019-08-01,81.15737473535638
171875,2019-08-01,43.223217042297
171880,2019-08-01,38.2084483124602
171884,2019-08-01,118.51851851851852
171886,2019-08-01,23.961661341853034
171888,2019-08-01,34.944670937682005
171889,2019-08-01,33.82663847780127
171890,2019-08-01,74.5495961896873
171900,2019-08-01,45.35938590369854
172000,2019-08-01,31.633056544088575
172010,2019-08-01,22.53944402704733
172015,2019-08-01,75.70977917981072
172020,2019-08-01,3.295164346321773
172025,2019-08-01,29.201817001946786
172030,2019-08-01,20.811654526534863
172049,2019-08-01,45.45454545454545
172065,2019-08-01,70.33129742735517
172080,2019-08-01,9.967881271458632
172085,2019-08-01,25.4323499491353
172090,2019-08-01,20.380027572978484
172093,2019-08-01,37.243947858473
172097,2019-08-01,39.38417472252059
172100,2019-08-01,58.67073182962421
172110,2019-08-01,90.12591119946985
172120,2019-08-01,54.65675557498907
172125,2019-08-01,116.34056054997356
172130,2019-08-01,14.97566454511419
172208,2019-08-01,26.534280578618507
172210,2019-08-01,89.25476603119584
170025,2019-09-01,54.28460643660334
170030,2019-09-01,28.219218773206595
170035,2019-09-01,40.81632653061225
170040,2019-09-01,42.523033309709426
170070,2019-09-01,54.68378506894912
170100,2019-09-01,52.36150382238978
170105,2019-09-01,34.95484998543548
170110,2019-09-01,66.7361835245047
170130,2019-09-01,43.417853421326846
170190,2019-09-01,46.570702794242166
170200,2019-09-01,64.57672889515088
170210,2019-09-01,55.078406383332414
170215,2019-09-01,48.87414906615466
170220,2019-09-01,44.46184390816812
170230,2019-09-01,79.78323046816197
170240,2019-09-01,42.585407400397465
170255,2019-09-01,32.04431892244188
170270,2019-09-01,82.5126430662763
170290,2019-09-01,24.600246002460025
170300,2019-09-01,28.132033008252062
170305,2019-09-01,56.29045876723895
170307,2019-09-01,32.672620344151596
170310,2019-09-01,74.57386363636364
170320,2019-09-01,56.06638259699484
170330,2019-09-01,28.606456885982837
170360,2019-09-01,36.347114947751024
170370,2019-09-01,52.75604875386575
170380,2019-09-01,24.673951357067327
170382,2019-09-01,48.35164835164835
170384,2019-09-01,35.587188612099645
170386,2019-09-01,41.07713372889092
170388,2019-09-01,65.89147286821705
170389,2019-09-01,36.63003663003663
170390,2019-09-01,52.15123859191656
170410,2019-09-01,61.962134251290884
170460,2019-09-01,35.56187766714083
170510,2019-09-01,42.004200420042004
170550,2019-09-01,49.11924119241192
170555,2019-09-01,20.61005770816158
170560,2019-09-01,63.337393422655296
170600,2019-09-01,34.001431639226915
170610,2019-09-01,58.9930031554397
170625,2019-09-01,34.84320557491289
170650,2019-09-01,54.12497949811383
170700,2019-09-01,37.03870996883328
170710,2019-09-01,47.826086956521735
170720,2019-09-01,40.288969158099476
170730,2019-09-01,38.41229193341869
170740,2019-09-01,22.735540196435064
170755,2019-09-01,75.61929595827901
170765,2019-09-01,57.00171005130154
170770,2019-09-01,32.74616079494128
170820,2019-09-01,46.095444685466376
170825,2019-09-01,73.38740826573967
170830,2019-09-01,50.75151278547725
170900,2019-09-01,40.70973193025578
170930,2019-09-01,55.16336843729506
170950,2019-09-01,42.4711761515113
170980,2019-09-01,59.55334987593052
171050,2019-09-01,67.26759047490918
171070,2019-09-01,22.16916780354707
171090,2019-09-01,26.476039184537992
171110,2019-09-01,57.684384013185
171150,2019-09-01,25.98077422707197
171180,2019-09-01,54.719562243502054
171190,2019-09-01,41.92558209178708
171195,2019-09-01,57.92400370713624
171200,2019-09-01,57.4345883854499
171215,2019-09-01,26.001040041601662
171240,2019-09-01,10.695187165775401
171245,2019-09-01,12.87001287001287
171250,2019-09-01,48.30917874396135
171270,2019-09-01,44.70938897168406
171280,2019-09-01,35.02626970227671
171320,2019-09-01,75.07672073651908
171330,2019-09-01,73.69361322018759
171360,2019-09-01,31.458411979363284
171370,2019-09-01,52.65467310223783
171380,2019-09-01,25.533193151096423
171395,2019-09-01,25.344973246972682
171420,2019-09-01,62.74340112505409
171430,2019-09-01,41.04669061056952
171488,2019-09-01,38.92038243506219
171500,2019-09-01,39.906103286384976
171510,2019-09-01,48.36480884385076
171515,2019-09-01,21.44082332761578
171525,2019-09-01,55.106539309331374
171550,2019-09-01,107.9136690647482
171570,2019-09-01,44.80584135413209
171575,2019-09-01,43.08656482569526
171610,2019-09-01,52.68087099040038
171620,2019-09-01,44.02335151689157
171630,2019-09-01,55.68158383171788
171650,2019-09-01,59.65532479010163
171660,2019-09-01,57.87726615031067
171665,2019-09-01,40.16797516888808
171670,2019-09-01,35.344302254722734
171700,2019-09-01,53.96896784348999
171720,2019-09-01,49.53764861294584
171750,2019-09-01,87.53592892605172
171780,2019-09-01,36.98868581375109
171790,2019-09-01,77.12402040054734
171800,2019-09-01,31.85727938834024
171820,2019-09-01,97.90605546123373
171830,2019-09-01,17.789373814041745
171840,2019-09-01,35.28773072747014
171845,2019-09-01,37.20238095238095
171850,2019-09-01,39.5993477754484
171855,2019-09-01,58.1270182992465
171865,2019-09-01,42.25352112676056
171870,2019-09-01,52.928722653493296
171875,2019-09-01,43.223217042297
171880,2019-09-01,29.717682020802375
171884,2019-09-01,44.44444444444444
171886,2019-09-01,35.94249201277955
171888,2019-09-01,66.97728596389051
171889,2019-09-01,46.51162790697674
171890,2019-09-01,39.34562021122386
171900,2019-09-01,62.8053035589672
172000,2019-09-01,11.862396204033216
172010,2019-09-01,37.56574004507889
172015,2019-09-01,82.01892744479495
172020,2019-09-01,5.766537606063102
172025,2019-09-01,19.46787800129786
172030,2019-09-01,22.892819979188346
172049,2019-09-01,55.55555555555556
172065,2019-09-01,79.5854155099019
172080,2019-09-01,14.398050725440248
172085,2019-09-01,35.60528992878942
172090,2019-09-01,21.578852724330158
172093,2019-09-01,23.277467411545626
172097,2019-09-01,60.866451843895454
172100,2019-09-01,61.813209773775014
172110,2019-09-01,100.72895957587806
172120,2019-09-01,58.15478793178837
172125,2019-09-01,84.61131676361714
172130,2019-09-01,22.463496817671285
172208,2019-09-01,52.212616622442866
172210,2019-09-01,84.92201039861352
170025,2019-10-01,42.65219077161691
170030,2019-10-01,22.27833061042626
170035,2019-10-01,22.263450834879407
170040,2019-10-01,28.34868887313962
170070,2019-10-01,73.70423204945315
170100,2019-10-01,38.74751282856843
170105,2019-10-01,40.780658316341395
170110,2019-10-01,72.99270072992701
170130,2019-10-01,45.15456755817993
170190,2019-10-01,38.10330228619814
170200,2019-10-01,162.02888340965129
170210,2019-10-01,53.13902587687705
170215,2019-10-01,41.8921277709897
170220,2019-10-01,23.76891026537289
170230,2019-10-01,90.32063826584374
170240,2019-10-01,56.780543200529955
170255,2019-10-01,27.699326526178577
170270,2019-10-01,29.27867979771094
170290,2019-10-01,17.42517425174252
170300,2019-10-01,17.81695423855964
170305,2019-10-01,70.36307345904869
170307,2019-10-01,19.60357220649096
170310,2019-10-01,39.0625
170320,2019-10-01,44.853106077595875
170330,2019-10-01,30.64977523498161
170360,2019-10-01,49.977283053157656
170370,2019-10-01,34.56430780425686
170380,2019-10-01,8.812125484666902
170382,2019-10-01,26.373626373626372
170384,2019-10-01,28.66745749308027
170386,2019-10-01,31.948881789137378
170388,2019-10-01,42.63565891472868
170389,2019-10-01,12.21001221001221
170390,2019-10-01,42.8385174147886
170410,2019-10-01,27.538726333907057
170460,2019-10-01,78.23613086770982
170510,2019-10-01,48.00480048004801
170550,2019-10-01,45.731707317073166
170555,2019-10-01,28.854080791426217
170560,2019-10-01,60.90133982947624
170600,2019-10-01,26.843235504652828
170610,2019-10-01,35.67018795445191
170625,2019-10-01,29.036004645760745
170650,2019-10-01,47.56437592258487
170700,2019-10-01,39.29716789376214
170710,2019-10-01,53.6231884057971
170720,2019-10-01,19.44984717977216
170730,2019-10-01,38.41229193341869
170740,2019-10-01,20.00727537286286
170755,2019-10-01,31.290743155149933
170765,2019-10-01,45.601368041041226
170770,2019-10-01,29.35862691960253
170820,2019-10-01,34.70715835140998
170825,2019-10-01,61.79992275009656
170830,2019-10-01,46.84755026351747
170900,2019-10-01,39.17351563100084
170930,2019-10-01,39.34729776646222
170950,2019-10-01,44.20233822290443
170980,2019-10-01,59.55334987593052
171050,2019-10-01,45.741961522938254
171070,2019-10-01,15.347885402455661
171090,2019-10-01,50.30447445062218
171110,2019-10-01,20.601565718994646
171150,2019-10-01,38.97116134060795
171180,2019-10-01,59.27952576379389
171190,2019-10-01,34.438871003967954
171195,2019-10-01,48.65616311399444
171200,2019-10-01,79.7702616464582
171215,2019-10-01,41.60166406656267
171240,2019-10-01,29.41176470588235
171245,2019-10-01,16.087516087516086
171250,2019-10-01,54.10628019323672
171270,2019-10-01,22.35469448584203
171280,2019-10-01,11.675423234092236
171320,2019-10-01,71.24068391056554
171330,2019-10-01,72.2048533571535
171360,2019-10-01,32.716748458537815
171370,2019-10-01,39.49100482667837
171380,2019-10-01,19.525382997897268
171395,2019-10-01,28.161081385525204
171420,2019-10-01,41.10774556469061
171430,2019-10-01,38.48127244740893
171488,2019-10-01,35.53600135375243
171500,2019-10-01,30.516431924882628
171510,2019-10-01,48.36480884385076
171515,2019-10-01,12.86449399656947
171525,2019-10-01,40.41146216017634
171550,2019-10-01,26.97841726618705
171570,2019-10-01,39.827414537006305
171575,2019-10-01,32.64133698916307
171610,2019-10-01,49.36392726137517
171620,2019-10-01,51.679586563307495
171630,2019-10-01,86.61579707156115
171650,2019-10-01,64.07423773751657
171660,2019-10-01,46.81249468039833
171665,2019-10-01,38.3421581157568
171670,2019-10-01,31.687995124923827
171700,2019-10-01,56.21767483696874
171720,2019-10-01,59.445178335535005
171750,2019-10-01,50.9537496733734
171780,2019-10-01,21.75805047867711
171790,2019-10-01,31.098395322801345
171800,2019-10-01,25.48582351067219
171820,2019-10-01,85.83286172420297
171830,2019-10-01,8.301707779886147
171840,2019-10-01,24.429967426710096
171845,2019-10-01,26.041666666666664
171850,2019-10-01,41.928721174004195
171855,2019-10-01,45.20990312163617
171865,2019-10-01,42.25352112676056
171870,2019-10-01,63.51446718419196
171875,2019-10-01,49.39796233405372
171880,2019-10-01,8.490766291657822
171884,2019-10-01,103.7037037037037
171886,2019-10-01,38.604898828541
171888,2019-10-01,29.120559114735002
171889,2019-10-01,21.141649048625794
171890,2019-10-01,57.983019258645676
171900,2019-10-01,31.4026517794836
172000,2019-10-01,23.72479240806643
172010,2019-10-01,20.66115702479339
172015,2019-10-01,56.782334384858046
172020,2019-10-01,6.590328692643546
172025,2019-10-01,16.223231667748216
172030,2019-10-01,12.486992715920914
172049,2019-10-01,42.92929292929293
172065,2019-10-01,57.375532111789745
172080,2019-10-01,14.398050725440248
172085,2019-10-01,20.34587995930824
172090,2019-10-01,13.187076664868428
172093,2019-10-01,60.52141527001862
172097,2019-10-01,39.38417472252059
172100,2019-10-01,48.206948887930544
172110,2019-10-01,80.84824387011265
172120,2019-10-01,51.15872321818976
172125,2019-10-01,74.03490216816499
172130,2019-10-01,11.231748408835642
172208,2019-10-01,40.229393135324834
172210,2019-10-01,69.32409012131716
170025,2019-11-01,34.89724699495929
170030,2019-11-01,25.24877469181643
170035,2019-11-01,40.81632653061225
170040,2019-11-01,24.096385542168676
170070,2019-11-01,55.872563005230624
170100,2019-11-01,35.60582259922505
170105,2019-11-01,17.47742499271774
170110,2019-11-01,52.137643378519286
170130,2019-11-01,34.73428273706148
170190,2019-11-01,21.168501270110077
170200,2019-11-01,79.84031936127744
170210,2019-11-01,51.58752147171275
170215,2019-11-01,55.856170361319606
170220,2019-11-01,26.005984172702107
170230,2019-11-01,96.34201415023334
170240,2019-11-01,51.102488880476955
170255,2019-11-01,42.90679991310015
170270,2019-11-01,26.61698163428267
170290,2019-11-01,31.775317753177532
170300,2019-11-01,26.25656414103526
170305,2019-11-01,47.846889952153106
170307,2019-11-01,26.13809627532128
170310,2019-11-01,26.633522727272727
170320,2019-11-01,33.63982955819691
170330,2019-11-01,26.563138536984063
170360,2019-11-01,13.630168105406634
170370,2019-11-01,30.925959614335092
170380,2019-11-01,20.267888614733874
170382,2019-11-01,65.93406593406593
170384,2019-11-01,31.633056544088575
170386,2019-11-01,57.05157462345961
170388,2019-11-01,42.63565891472868
170389,2019-11-01,14.652014652014651
170390,2019-11-01,35.38834047308623
170410,2019-11-01,20.65404475043029
170460,2019-11-01,42.67425320056899
170510,2019-11-01,27.002700270027002
170550,2019-11-01,46.86088527551942
170555,2019-11-01,24.7320692497939
170560,2019-11-01,58.4652862362972
170600,2019-11-01,17.89549033643522
170610,2019-11-01,50.76142131979695
170625,2019-11-01,29.036004645760745
170650,2019-11-01,34.44316877152698
170700,2019-11-01,18.51935498441664
170710,2019-11-01,52.173913043478265
170720,2019-11-01,30.564045568213395
170730,2019-11-01,32.01024327784891
170740,2019-11-01,21.826118588577664
170755,2019-11-01,44.32855280312908
170765,2019-11-01,32.30096902907087
170770,2019-11-01,35.00451671183378
170820,2019-11-01,31.453362255965292
170825,2019-11-01,57.937427578215534
170830,2019-11-01,48.79953152449736
170900,2019-11-01,46.08648897764805
170930,2019-11-01,47.06245419125872
170950,2019-11-01,27.00612831373273
170980,2019-11-01,69.4789081885856
171050,2019-11-01,56.50477599892372
171070,2019-11-01,22.16916780354707
171090,2019-11-01,31.77124702144559
171110,2019-11-01,32.96250515039143
171150,2019-11-01,12.990387113535984
171180,2019-11-01,45.59963520291838
171190,2019-11-01,35.18754211274987
171195,2019-11-01,32.437442075996294
171200,2019-11-01,41.480536056158265
171215,2019-11-01,52.002080083203325
171240,2019-11-01,8.02139037433155
171245,2019-11-01,32.17503217503217
171250,2019-11-01,40.57971014492754
171270,2019-11-01,26.080476900149034
171280,2019-11-01,20.431990659661412
171320,2019-11-01,75.62472599736958
171330,2019-11-01,52.10659520619324
171360,2019-11-01,41.52510381275953
171370,2019-11-01,61.430451952610795
171380,2019-11-01,18.023430459597478
171395,2019-11-01,30.977189524077726
171420,2019-11-01,42.18952834270879
171430,2019-11-01,28.219599794766545
171488,2019-11-01,41.4586682460445
171500,2019-11-01,44.60093896713615
171510,2019-11-01,39.1524643021649
171515,2019-11-01,38.59348198970841
171525,2019-11-01,25.71638501102131
171550,2019-11-01,44.96402877697842
171570,2019-11-01,38.167938931297705
171575,2019-11-01,15.667841754798276
171610,2019-11-01,43.70561148833216
171620,2019-11-01,60.29285099052541
171630,2019-11-01,49.49474118374923
171650,2019-11-01,55.2364118426867
171660,2019-11-01,43.407949612733
171665,2019-11-01,20.08398758444404
171670,2019-11-01,25.59414990859232
171700,2019-11-01,29.233190915223744
171720,2019-11-01,23.11756935270806
171750,2019-11-01,81.00339691664489
171780,2019-11-01,13.054830287206267
171790,2019-11-01,24.878716258241074
171800,2019-11-01,9.55718381650207
171820,2019-11-01,68.85493303150349
171830,2019-11-01,26.091081593927896
171840,2019-11-01,38.00217155266015
171845,2019-11-01,26.041666666666664
171850,2019-11-01,23.293733985557886
171855,2019-11-01,36.59849300322928
171865,2019-11-01,37.55868544600939
171870,2019-11-01,59.985885673959075
171875,2019-11-01,24.69898116702686
171880,2019-11-01,42.45383145828911
171884,2019-11-01,26.666666666666664
171886,2019-11-01,39.936102236421725
171888,2019-11-01,23.296447291788002
171889,2019-11-01,12.684989429175475
171890,2019-11-01,24.849865396562436
171900,2019-11-01,41.870202372644805
172000,2019-11-01,23.72479240806643
172010,2019-11-01,33.809166040571
172015,2019-11-01,37.85488958990536
172020,2019-11-01,2.4713732597413296
172025,2019-11-01,16.223231667748216
172030,2019-11-01,27.05515088449532
172049,2019-11-01,37.87878787878788
172065,2019-11-01,35.165648713677584
172080,2019-11-01,11.075423634954037
172085,2019-11-01,25.4323499491353
172090,2019-11-01,11.988251513516753
172093,2019-11-01,13.966480446927374
172097,2019-11-01,35.80379520229145
172100,2019-11-01,40.049878479709285
172110,2019-11-01,64.94367130550033
172120,2019-11-01,48.9724529951902
172125,2019-11-01,68.74669487043892
172130,2019-11-01,41.18307749906403
172208,2019-11-01,31.66994778738338
172210,2019-11-01,63.258232235701904
170025,2019-12-01,23.264831329972857
170030,2019-12-01,23.76355265112134
170035,2019-12-01,40.81632653061225
170040,2019-12-01,41.105598866052446
170070,2019-12-01,49.928673323823105
170100,2019-12-01,40.84197298146403
170105,2019-12-01,20.390329158170697
170110,2019-12-01,64.65067778936393
170130,2019-12-01,36.47099687391455
170190,2019-12-01,22.579734688117416
170200,2019-12-01,99.8003992015968
170210,2019-12-01,50.42389316783953
170215,2019-12-01,41.8921277709897
170220,2019-12-01,28.522692318447472
170230,2019-12-01,84.29926238145416
170240,2019-12-01,37.85369546701997
170255,2019-12-01,24.983706278514013
170270,2019-12-01,15.970188980569603
170290,2019-12-01,16.400164001640015
170300,2019-12-01,20.630157539384847
170305,2019-12-01,42.21784407542921
170307,2019-12-01,26.13809627532128
170310,2019-12-01,30.18465909090909
170320,2019-12-01,53.82372729311505
170330,2019-12-01,55.16959542296689
170360,2019-12-01,31.803725579282144
170370,2019-12-01,27.287611424413313
170380,2019-12-01,18.505463517800493
170382,2019-12-01,35.16483516483517
170384,2019-12-01,28.66745749308027
170386,2019-12-01,29.666818804198993
170388,2019-12-01,58.13953488372093
170389,2019-12-01,19.536019536019538
170390,2019-12-01,33.52579623766064
170410,2019-12-01,34.42340791738382
170460,2019-12-01,7.112375533428166
170510,2019-12-01,51.005100510051
170550,2019-12-01,45.731707317073166
170555,2019-12-01,28.854080791426217
170560,2019-12-01,46.28501827040195
170600,2019-12-01,21.47458840372226
170610,2019-12-01,28.81053642474962
170625,2019-12-01,34.84320557491289
170650,2019-12-01,50.84467771034935
170700,2019-12-01,33.42517728894711
170710,2019-12-01,31.884057971014492
170720,2019-12-01,13.892747985551543
170730,2019-12-01,51.21638924455826
170740,2019-12-01,12.731902510003637
170755,2019-12-01,80.83441981747066
170765,2019-12-01,45.601368041041226
170770,2019-12-01,33.87533875338754
170820,2019-12-01,39.04555314533623
170825,2019-12-01,69.52491309385863
170830,2019-12-01,35.135662697638104
170900,2019-12-01,37.63729933174591
170930,2019-12-01,43.97639162134012
170950,2019-12-01,53.20438099414867
170980,2019-12-01,59.55334987593052
171050,2019-12-01,65.922238665411
171070,2019-12-01,10.231923601637106
171090,2019-12-01,58.247286205983585
171110,2019-12-01,41.20313143798929
171150,2019-12-01,46.765393608729546
171180,2019-12-01,54.719562243502054
171190,2019-12-01,44.92026652691472
171195,2019-12-01,53.290083410565344
171200,2019-12-01,67.00701978302489
171215,2019-12-01,26.001040041601662
171240,2019-12-01,34.75935828877005
171245,2019-12-01,35.39253539253539
171250,2019-12-01,36.71497584541063
171270,2019-12-01,22.35469448584203
171280,2019-12-01,8.756567425569177
171320,2019-12-01,86.03682595352916
171330,2019-12-01,52.10659520619324
171360,2019-12-01,37.75009437523594
171370,2019-12-01,26.327336551118915
171380,2019-12-01,27.035145689396217
171395,2019-12-01,30.977189524077726
171420,2019-12-01,38.944180008654264
171430,2019-12-01,46.177526936890715
171488,2019-12-01,49.07352567899145
171500,2019-12-01,32.863849765258216
171510,2019-12-01,69.09258406264394
171515,2019-12-01,21.44082332761578
171525,2019-12-01,18.368846436443793
171550,2019-12-01,89.92805755395683
171570,2019-12-01,41.4868901427149
171575,2019-12-01,37.86395090742917
171610,2019-12-01,42.1446967923203
171620,2019-12-01,54.55067470571347
171630,2019-12-01,57.74386471437409
171650,2019-12-01,64.07423773751657
171660,2019-12-01,51.91931228189633
171665,2019-12-01,32.86470695636297
171670,2019-12-01,34.12553321145643
171700,2019-12-01,74.20733078479874
171720,2019-12-01,19.815059445178335
171750,2019-12-01,41.80820486020381
171780,2019-12-01,13.054830287206267
171790,2019-12-01,38.56201020027367
171800,2019-12-01,31.85727938834024
171820,2019-12-01,79.4189775514054
171830,2019-12-01,21.347248576850095
171840,2019-12-01,40.71661237785016
171845,2019-12-01,55.80357142857143
171850,2019-12-01,39.5993477754484
171855,2019-12-01,25.834230355220665
171865,2019-12-01,18.779342723004696
171870,2019-12-01,56.457304163726185
171875,2019-12-01,35.504785427601114
171880,2019-12-01,33.96306516663129
171884,2019-12-01,82.96296296296296
171886,2019-12-01,33.2800851970181
171888,2019-12-01,43.68083867210251
171889,2019-12-01,38.05496828752643
171890,2019-12-01,28.991509629322838
171900,2019-12-01,31.4026517794836
172000,2019-12-01,27.6789244760775
172010,2019-12-01,22.53944402704733
172015,2019-12-01,31.545741324921135
172020,2019-12-01,2.4713732597413296
172025,2019-12-01,22.712524334847505
172030,2019-12-01,35.37981269510926
172049,2019-12-01,42.92929292929293
172065,2019-12-01,37.016472330186936
172080,2019-12-01,18.828220179421862
172085,2019-12-01,76.2970498474059
172090,2019-12-01,16.184139543247618
172093,2019-12-01,27.932960893854748
172097,2019-12-01,35.80379520229145
172100,2019-12-01,47.97293457294059
172110,2019-12-01,78.1974817760106
172120,2019-12-01,53.34499344118933
172125,2019-12-01,47.59386567953464
172130,2019-12-01,48.67090977162112
172208,2019-12-01,25.67833604382436
172210,2019-12-01,71.0571923743501
170025,2020-01-01,38.55050115651504
170030,2020-01-01,20.313406848520025
170035,2020-01-01,46.76393565282454
170040,2020-01-01,37.25462100587477
170070,2020-01-01,92.90138161029061
170100,2020-01-01,38.98019384745048
170105,2020-01-01,28.951939779965258
170110,2020-01-01,49.504950495049506
170130,2020-01-01,36.64281975222474
170190,2020-01-01,26.55485674353599
170200,2020-01-01,80.31179874808078
170210,2020-01-01,51.2048685523582
170215,2020-01-01,29.345762126704646
170220,2020-01-01,29.02958252695604
170230,2020-01-01,110.33857315598549
170240,2020-01-01,24.68198215302829
170255,2020-01-01,38.620393713458135
170270,2020-01-01,31.720856463124505
170290,2020-01-01,20.435271278226217
170300,2020-01-01,30.001875117194825
170305,2020-01-01,52.89532293986637
170307,2020-01-01,49.65457685664939
170310,2020-01-01,33.62236772252699
170320,2020-01-01,67.44604316546763
170330,2020-01-01,33.945686900958464
170360,2020-01-01,58.79692446856626
170370,2020-01-01,39.862293893821345
170380,2020-01-01,20.0052187527181
170382,2020-01-01,30.64798598949212
170384,2020-01-01,34.910783553141975
170386,2020-01-01,47.28664715154245
170388,2020-01-01,61.46753745678064
170389,2020-01-01,29.055690072639223
170390,2020-01-01,40.4263138552003
170410,2020-01-01,34.059945504087196
170460,2020-01-01,63.82978723404255
170510,2020-01-01,48.03362353647553
170550,2020-01-01,52.16033025578086
170555,2020-01-01,22.629088664883767
170560,2020-01-01,41.59530217763641
170600,2020-01-01,28.373825146302536
170610,2020-01-01,45.34212695795548
170625,2020-01-01,51.873198847262245
170650,2020-01-01,50.210560414642046
170700,2020-01-01,25.86514448804852
170710,2020-01-01,69.13437995102981
170720,2020-01-01,23.660403618649966
170730,2020-01-01,72.55655142979087
170740,2020-01-01,22.44366639734267
170755,2020-01-01,31.33159268929504
170765,2020-01-01,64.84836925424375
170770,2020-01-01,21.410863195853054
170820,2020-01-01,50.002717538996684
170825,2020-01-01,76.86395080707148
170830,2020-01-01,35.08771929824562
170900,2020-01-01,40.47346315387552
170930,2020-01-01,42.42308427288362
170950,2020-01-01,52.65863270318122
170980,2020-01-01,38.98635477582846
171050,2020-01-01,72.46376811594203
171070,2020-01-01,17.146776406035663
171090,2020-01-01,34.255599472990774
171110,2020-01-01,24.793388429752067
171150,2020-01-01,30.943785456420837
171180,2020-01-01,36.63003663003663
171190,2020-01-01,35.82918982158526
171195,2020-01-01,56.908718415661276
171200,2020-01-01,110.51468266498263
171215,2020-01-01,30.706243602865914
171240,2020-01-01,29.466916688990086
171245,2020-01-01,28.53519340519975
171250,2020-01-01,26.646364674533686
171270,2020-01-01,7.328691828508611
171280,2020-01-01,17.40139211136891
171320,2020-01-01,71.92239072256913
171330,2020-01-01,57.066627139998516
171360,2020-01-01,29.754525167369206
171370,2020-01-01,30.501089324618736
171380,2020-01-01,37.064492216456635
171395,2020-01-01,39.029829941455255
171420,2020-01-01,32.43243243243243
171430,2020-01-01,41.73187271778821
171488,2020-01-01,58.739615675086014
171500,2020-01-01,20.91078066914498
171510,2020-01-01,40.937002501705706
171515,2020-01-01,8.576329331046312
171525,2020-01-01,14.571948998178506
171550,2020-01-01,71.55635062611807
171570,2020-01-01,30.990050562714075
171575,2020-01-01,42.99114121938509
171610,2020-01-01,51.839432656915456
171620,2020-01-01,51.73900546133947
171630,2020-01-01,39.038422025888636
171650,2020-01-01,70.42764829739345
171660,2020-01-01,70.74875768550493
171665,2020-01-01,25.399129172714076
171670,2020-01-01,35.622159439872256
171700,2020-01-01,40.63205417607223
171720,2020-01-01,39.56478733926805
171750,2020-01-01,74.90636704119851
171780,2020-01-01,19.60357220649096
171790,2020-01-01,27.106949236076886
171800,2020-01-01,18.92744479495268
171820,2020-01-01,79.33828494260635
171830,2020-01-01,16.474464579901152
171840,2020-01-01,43.525571273122964
171845,2020-01-01,47.846889952153106
171850,2020-01-01,27.637033625057576
171855,2020-01-01,40.563620836891545
171865,2020-01-01,13.818516812528788
171870,2020-01-01,59.52380952380952
171875,2020-01-01,35.450061652281136
171880,2020-01-01,29.20317062995411
171884,2020-01-01,91.90631485324637
171886,2020-01-01,48.71626069782752
171888,2020-01-01,34.42340791738382
171889,2020-01-01,50.29337803855826
171890,2020-01-01,39.20759389186958
171900,2020-01-01,58.68139454608215
172000,2020-01-01,23.715415019762847
172010,2020-01-01,25.969207939157855
172015,2020-01-01,87.60951188986232
172020,2020-01-01,2.440214738897023
172025,2020-01-01,22.624434389140273
172030,2020-01-01,28.854080791426217
172049,2020-01-01,71.72131147540983
172065,2020-01-01,53.42667649226234
172080,2020-01-01,24.45259530954763
172085,2020-01-01,60.42296072507553
172090,2020-01-01,19.01931649331352
172093,2020-01-01,83.10249307479225
172097,2020-01-01,60.4551920341394
172100,2020-01-01,46.71951315067778
172110,2020-01-01,120.78246028620192
172120,2020-01-01,49.463777631866925
172125,2020-01-01,62.43496357960458
172130,2020-01-01,47.636496885305974
172208,2020-01-01,29.827850690301688
172210,2020-01-01,68.57638888888889
170025,2020-02-01,53.970701619121044
170030,2020-02-01,11.607661056297156
170035,2020-02-01,37.41114852225963
170040,2020-02-01,22.925920618999857
170070,2020-02-01,73.84468794664126
170100,2020-02-01,47.40834386852086
170105,2020-02-01,55.00868558193398
170110,2020-02-01,63.943894389438945
170130,2020-02-01,31.40813121619264
170190,2020-02-01,22.36198462613557
170200,2020-02-01,77.94968702019605
170210,2020-02-01,51.42299365801255
170215,2020-02-01,43.15553253927153
170220,2020-02-01,29.858999170583356
170230,2020-02-01,104.2926239419589
170240,2020-02-01,36.07366622365673
170255,2020-02-01,33.2564501421445
170270,2020-02-01,15.860428231562253
170290,2020-02-01,32.69643404516195
170300,2020-02-01,30.001875117194825
170305,2020-02-01,36.19153674832962
170307,2020-02-01,53.97236614853195
170310,2020-02-01,46.00955583082641
170320,2020-02-01,53.9568345323741
170330,2020-02-01,33.945686900958464
170360,2020-02-01,27.137042062415194
170370,2020-02-01,50.73382859213626
170380,2020-02-01,13.91667391493433
170382,2020-02-01,26.26970227670753
170384,2020-02-01,20.364623739332817
170386,2020-02-01,22.51745102454402
170388,2020-02-01,49.942374183634264
170389,2020-02-01,41.162227602905574
170390,2020-02-01,18.375597206909223
170410,2020-02-01,40.87193460490463
170460,2020-02-01,28.368794326241137
170510,2020-02-01,33.023116181326934
170550,2020-02-01,49.92887227692393
170555,2020-02-01,47.31536720839333
170560,2020-02-01,26.914607291411794
170600,2020-02-01,21.2803688597269
170610,2020-02-01,39.84611156911239
170625,2020-02-01,28.81844380403458
170650,2020-02-01,55.0696469063816
170700,2020-02-01,17.39207991437745
170710,2020-02-01,54.7313841278986
170720,2020-02-01,23.660403618649966
170730,2020-02-01,29.87622705932565
170740,2020-02-01,15.261693150193016
170755,2020-02-01,39.164490861618795
170765,2020-02-01,49.58992942971581
170770,2020-02-01,19.157088122605362
170820,2020-02-01,42.93711614761671
170825,2020-02-01,53.80476556495004
170830,2020-02-01,48.732943469785575
170900,2020-02-01,34.36426116838488
170930,2020-02-01,41.27651442767055
170950,2020-02-01,41.23593580444343
170980,2020-02-01,43.859649122807014
171050,2020-02-01,42.941492216854535
171070,2020-02-01,10.2880658436214
171090,2020-02-01,42.16073781291172
171110,2020-02-01,57.85123966942148
171150,2020-02-01,30.943785456420837
171180,2020-02-01,45.78754578754579
171190,2020-02-01,38.754021643755486
171195,2020-02-01,72.84315957204645
171200,2020-02-01,101.04199557941268
171215,2020-02-01,46.05936540429887
171240,2020-02-01,18.751674256630057
171245,2020-02-01,38.04692454026633
171250,2020-02-01,30.452988199467075
171270,2020-02-01,32.979113228288746
171280,2020-02-01,17.40139211136891
171320,2020-02-01,72.47992863514719
171330,2020-02-01,59.29000222337508
171360,2020-02-01,33.47384081329036
171370,2020-02-01,91.50326797385621
171380,2020-02-01,19.27353595255745
171395,2020-02-01,27.878449958182323
171420,2020-02-01,28.10810810810811
171430,2020-02-01,31.29890453834116
171488,2020-02-01,30.20894520432995
171500,2020-02-01,30.204460966542754
171510,2020-02-01,61.405503752558566
171515,2020-02-01,47.16981132075472
171525,2020-02-01,32.78688524590164
171550,2020-02-01,80.50089445438283
171570,2020-02-01,34.25216114826293
171575,2020-02-01,32.56904637832204
171610,2020-02-01,44.323678479890546
171620,2020-02-01,45.032097345980645
171630,2020-02-01,57.53030614341483
171650,2020-02-01,89.30516227401438
171660,2020-02-01,44.6390971110924
171665,2020-02-01,23.58490566037736
171670,2020-02-01,45.448962043974944
171700,2020-02-01,36.11738148984198
171720,2020-02-01,26.376524892845367
171750,2020-02-01,63.28296525894356
171780,2020-02-01,30.494445654541494
171790,2020-02-01,19.71414489896501
171800,2020-02-01,15.772870662460567
171820,2020-02-01,72.5860904794058
171830,2020-02-01,16.474464579901152
171840,2020-02-01,24.483133841131664
171845,2020-02-01,51.527419948472584
171850,2020-02-01,34.54629203132197
171855,2020-02-01,51.23825789923143
171865,2020-02-01,13.818516812528788
171870,2020-02-01,31.51260504201681
171875,2020-02-01,26.20221948212084
171880,2020-02-01,22.9453483521068
171884,2020-02-01,91.90631485324637
171886,2020-02-01,26.333113890717577
171888,2020-02-01,25.817555938037867
171889,2020-02-01,25.14668901927913
171890,2020-02-01,43.334709038382165
171900,2020-02-01,69.03693476009666
172000,2020-02-01,19.76284584980237
172010,2020-02-01,20.404377666481174
172015,2020-02-01,43.80475594493116
172020,2020-02-01,6.507239303725395
172025,2020-02-01,19.392372333548806
172030,2020-02-01,20.61005770816158
172049,2020-02-01,46.10655737704918
172065,2020-02-01,49.742078113485626
172080,2020-02-01,21.118150494609313
172085,2020-02-01,45.31722054380665
172090,2020-02-01,13.075780089153048
172093,2020-02-01,18.467220683287163
172097,2020-02-01,56.899004267425326
172100,2020-02-01,42.0834748086818
172110,2020-02-01,66.9554942890902
172120,2020-02-01,41.584591814401406
172125,2020-02-01,41.623309053069725
172130,2020-02-01,40.30780505679736
172208,2020-02-01,28.123402079427308
172210,2020-02-01,68.57638888888889
170025,2020-03-01,38.55050115651504
170030,2020-03-01,13.0586186883343
170035,2020-03-01,63.59895248784137
170040,2020-03-01,27.22453073506233
170070,2020-03-01,41.68651738923297
170100,2020-03-01,57.94353139485883
170105,2020-03-01,14.475969889982629
170110,2020-03-01,61.881188118811885
170130,2020-03-01,40.132612109579476
170190,2020-03-01,37.735849056603776
170200,2020-03-01,36.612731782213295
170210,2020-03-01,53.87690109662397
170215,2020-03-01,41.42931123770067
170220,2020-03-01,15.758916228918993
170230,2020-03-01,60.45949214026602
170240,2020-03-01,38.92158724131384
170255,2020-03-01,24.674140428042694
170270,2020-03-01,15.860428231562253
170290,2020-03-01,22.47879840604884
170300,2020-03-01,30.939433714607166
170305,2020-03-01,41.759465478841875
170307,2020-03-01,28.065630397236617
170310,2020-03-01,53.087949035568926
170320,2020-03-01,38.219424460431654
170330,2020-03-01,41.93290734824281
170360,2020-03-01,31.659882406151063
170370,2020-03-01,32.61460409494474
170380,2020-03-01,11.307297555884144
170382,2020-03-01,17.513134851138354
170384,2020-03-01,32.97129557796742
170386,2020-03-01,27.020941229452827
170388,2020-03-01,34.575489819439106
170389,2020-03-01,12.106537530266344
170390,2020-03-01,34.91363469312753
170410,2020-03-01,47.68392370572207
170460,2020-03-01,42.5531914893617
170510,2020-03-01,18.012608826178322
170550,2020-03-01,47.418482050709876
170555,2020-03-01,16.457519029006377
170560,2020-03-01,44.04208465867384
170600,2020-03-01,31.920553289590355
170610,2020-03-01,43.968123110744706
170625,2020-03-01,69.164265129683
170650,2020-03-01,51.830255911888564
170700,2020-03-01,19.62183374955405
170710,2020-03-01,54.7313841278986
170720,2020-03-01,26.443980514961723
170730,2020-03-01,14.938113529662825
170740,2020-03-01,11.670706526618188
170755,2020-03-01,62.66318537859008
170765,2020-03-01,34.33148960518787
170770,2020-03-01,30.425963488843813
170820,2020-03-01,40.76308495026904
170825,2020-03-01,46.11837048424289
170830,2020-03-01,21.44249512670565
170900,2020-03-01,34.36426116838488
170930,2020-03-01,49.68469329256641
170950,2020-03-01,47.632646067736594
170980,2020-03-01,38.98635477582846
171050,2020-03-01,40.25764895330112
171070,2020-03-01,12.002743484224967
171090,2020-03-01,39.52569169960474
171110,2020-03-01,37.1900826446281
171150,2020-03-01,41.25838060856112
171180,2020-03-01,50.36630036630037
171190,2020-03-01,43.14126937701082
171195,2020-03-01,59.185067152287736
171200,2020-03-01,69.46637196084623
171215,2020-03-01,30.706243602865914
171240,2020-03-01,32.14572729708009
171245,2020-03-01,22.194039315155358
171250,2020-03-01,36.16292348686715
171270,2020-03-01,21.986075485525834
171280,2020-03-01,11.600928074245939
171320,2020-03-01,74.15254237288136
171330,2020-03-01,67.44237752908916
171360,2020-03-01,39.67270022315894
171370,2020-03-01,39.21568627450981
171380,2020-03-01,13.343217197924389
171395,2020-03-01,36.24198494563702
171420,2020-03-01,27.027027027027028
171430,2020-03-01,39.123630672926446
171488,2020-03-01,48.6699672736427
171500,2020-03-01,34.85130111524163
171510,2020-03-01,50.03411416875142
171515,2020-03-01,25.72898799313894
171525,2020-03-01,10.92896174863388
171550,2020-03-01,53.66726296958855
171570,2020-03-01,22.83477409884195
171575,2020-03-01,23.44971339239187
171610,2020-03-01,52.41756759360968
171620,2020-03-01,65.1528216920571
171630,2020-03-01,39.038422025888636
171650,2020-03-01,62.441007768823056
171660,2020-03-01,46.32359134169966
171665,2020-03-01,21.77068214804064
171670,2020-03-01,39.30721041641076
171700,2020-03-01,27.08803611738149
171720,2020-03-01,46.15891856247939
171750,2020-03-01,50.36807438977141
171780,2020-03-01,23.959921585711175
171790,2020-03-01,20.94627895515032
171800,2020-03-01,22.082018927444793
171820,2020-03-01,70.89804186360567
171830,2020-03-01,21.18145445987291
171840,2020-03-01,32.64417845484222
171845,2020-03-01,51.527419948472584
171850,2020-03-01,39.1524643021649
171855,2020-03-01,36.29376601195559
171865,2020-03-01,18.424689083371717
171870,2020-03-01,49.01960784313725
171875,2020-03-01,38.53267570900123
171880,2020-03-01,20.859407592824365
171884,2020-03-01,41.506077675659654
171886,2020-03-01,38.18301514154049
171888,2020-03-01,37.29202524383248
171889,2020-03-01,33.52891869237217
171890,2020-03-01,51.588939331407346
171900,2020-03-01,79.39247497411115
172000,2020-03-01,11.857707509881424
172010,2020-03-01,18.54943424225561
172015,2020-03-01,62.57822277847309
172020,2020-03-01,1.6268098259313488
172025,2020-03-01,6.464124111182935
172030,2020-03-01,16.488046166529266
172049,2020-03-01,46.10655737704918
172065,2020-03-01,27.63448784082535
172080,2020-03-01,11.114816049794376
172085,2020-03-01,55.387713997985905
172090,2020-03-01,12.481426448736999
172093,2020-03-01,13.850415512465373
172097,2020-03-01,42.67425320056899
172100,2020-03-01,43.61793820356779
172110,2020-03-01,80.08402258106867
172120,2020-03-01,37.644998905668636
172125,2020-03-01,41.623309053069725
172130,2020-03-01,25.65042139978014
172208,2020-03-01,34.941196522924834
172210,2020-03-01,97.22222222222223
170025,2020-04-01,53.970701619121044
170030,2020-04-01,17.411491584445734
170035,2020-04-01,50.50505050505051
170040,2020-04-01,22.925920618999857
170070,2020-04-01,58.361124344926154
170100,2020-04-01,33.712600084281505
170105,2020-04-01,28.951939779965258
170110,2020-04-01,49.504950495049506
170130,2020-04-01,24.42854650148316
170190,2020-04-01,20.964360587002098
170200,2020-04-01,74.40651942836897
170210,2020-04-01,35.55439222165873
170215,2020-04-01,25.893319523562923
170220,2020-04-01,25.158971523361902
170230,2020-04-01,69.52841596130592
170240,2020-04-01,44.617429276628066
170255,2020-04-01,33.792844499275866
170270,2020-04-01,21.147237642083002
170290,2020-04-01,35.761724736895886
170300,2020-04-01,29.064316519782487
170305,2020-04-01,33.4075723830735
170307,2020-04-01,36.70120898100173
170310,2020-04-01,44.239957529640776
170320,2020-04-01,31.47482014388489
170330,2020-04-01,41.93290734824281
170360,2020-04-01,40.70556309362279
170370,2020-04-01,41.67421634354049
170380,2020-04-01,30.44272418891885
170382,2020-04-01,35.02626970227671
170384,2020-04-01,25.2133436772692
170386,2020-04-01,33.77617653681603
170388,2020-04-01,57.62581636573185
170389,2020-04-01,19.37046004842615
170390,2020-04-01,64.31459022418228
170410,2020-04-01,30.653950953678475
170460,2020-04-01,56.73758865248227
170510,2020-04-01,30.02101471029721
170550,2020-04-01,32.07720844606845
170555,2020-04-01,22.629088664883767
170560,2020-04-01,24.467824810374356
170600,2020-04-01,24.827097003014718
170610,2020-04-01,57.70816158285243
170625,2020-04-01,11.527377521613833
170650,2020-04-01,25.915127955944282
170700,2020-04-01,29.878701391366395
170710,2020-04-01,34.56718997551491
170720,2020-04-01,51.496172581767574
170730,2020-04-01,32.01024327784891
170740,2020-04-01,14.36394649429931
170755,2020-04-01,60.052219321148826
170765,2020-04-01,30.516879649055884
170770,2020-04-01,36.060401171963036
170820,2020-04-01,38.04554595358444
170825,2020-04-01,53.80476556495004
170830,2020-04-01,31.189083820662766
170900,2020-04-01,29.782359679266893
170930,2020-04-01,41.27651442767055
170950,2020-04-01,38.72294248672112
170980,2020-04-01,34.1130604288499
171050,2020-04-01,32.2061191626409
171070,2020-04-01,13.717421124828531
171090,2020-04-01,26.350461133069828
171110,2020-04-01,37.1900826446281
171150,2020-04-01,23.207839092315627
171180,2020-04-01,54.94505494505495
171190,2020-04-01,31.44194208832992
171195,2020-04-01,54.63236967903483
171200,2020-04-01,63.151247237132935
171215,2020-04-01,15.353121801432957
171240,2020-04-01,29.466916688990086
171245,2020-04-01,9.511731135066583
171250,2020-04-01,62.809288161400836
171270,2020-04-01,21.986075485525834
171280,2020-04-01,14.501160092807424
171320,2020-04-01,55.753791257805524
171330,2020-04-01,55.58437708441414
171360,2020-04-01,38.432928341185224
171370,2020-04-01,56.64488017429194
171380,2020-04-01,19.27353595255745
171395,2020-04-01,22.30275996654586
171420,2020-04-01,36.75675675675676
171430,2020-04-01,33.907146583202916
171488,2020-04-01,29.369807837543007
171500,2020-04-01,30.204460966542754
171510,2020-04-01,45.48555833522857
171515,2020-04-01,17.152658662092623
171525,2020-04-01,29.143897996357012
171550,2020-04-01,35.77817531305904
171570,2020-04-01,32.6211058554885
171575,2020-04-01,32.56904637832204
171610,2020-04-01,46.443506581102696
171620,2020-04-01,74.73411899971256
171630,2020-04-01,34.92911444421615
171650,2020-04-01,42.837435562332104
171660,2020-04-01,32.84763749684157
171665,2020-04-01,29.027576197387518
171670,2020-04-01,34.393809114359414
171700,2020-04-01,24.830699774266368
171720,2020-04-01,23.079459281239696
171750,2020-04-01,47.785096215936974
171780,2020-04-01,19.60357220649096
171790,2020-04-01,25.874815179891574
171800,2020-04-01,15.772870662460567
171820,2020-04-01,63.02048165653837
171830,2020-04-01,18.82795951988703
171840,2020-04-01,43.525571273122964
171845,2020-04-01,33.12476996687523
171850,2020-04-01,29.940119760479043
171855,2020-04-01,29.88898377455166
171865,2020-04-01,23.030861354214647
171870,2020-04-01,56.022408963585434
171875,2020-04-01,30.826140567200987
171880,2020-04-01,41.71881518564873
171884,2020-04-01,38.54135784168396
171886,2020-04-01,31.59973666886109
171888,2020-04-01,34.42340791738382
171889,2020-04-01,33.52891869237217
171890,2020-04-01,41.271151465125875
171900,2020-04-01,62.133241284086985
172000,2020-04-01,15.810276679841897
172010,2020-04-01,16.69449081803005
172015,2020-04-01,68.8360450563204
172020,2020-04-01,7.320644216691069
172025,2020-04-01,12.92824822236587
172030,2020-04-01,26.793075020610058
172049,2020-04-01,35.86065573770492
172065,2020-04-01,40.530582166543844
172080,2020-04-01,17.783705679671
172085,2020-04-01,40.28197381671702
172090,2020-04-01,14.858841010401187
172093,2020-04-01,32.31763619575254
172097,2020-04-01,28.449502133712663
172100,2020-04-01,42.93232689946979
172110,2020-04-01,66.9554942890902
172120,2020-04-01,42.46005690523091
172125,2020-04-01,41.623309053069725
172130,2020-04-01,18.32172957127153
172208,2020-04-01,20.453383330492585
172210,2020-04-01,80.72916666666667
170025,2020-05-01,50.11565150346954
170030,2020-05-01,15.96053395240859
170035,2020-05-01,37.41114852225963
170040,2020-05-01,63.04628170224961
170070,2020-05-01,28.585040495474036
170100,2020-05-01,31.605562579013906
170105,2020-05-01,17.371163867979156
170110,2020-05-01,33.00330033003301
170130,2020-05-01,26.17344268016053
170190,2020-05-01,34.940600978336825
170200,2020-05-01,66.1391283807724
170210,2020-05-01,45.31549069969081
170215,2020-05-01,34.52442603141723
170220,2020-05-01,24.606027094277025
170230,2020-05-01,63.482466747279325
170240,2020-05-01,18.036833111828365
170255,2020-05-01,37.54760499919541
170270,2020-05-01,13.217023526301878
170290,2020-05-01,33.718197609073265
170300,2020-05-01,22.501406337896118
170305,2020-05-01,36.19153674832962
170307,2020-05-01,28.065630397236617
170310,2020-05-01,31.852769421341353
170320,2020-05-01,20.23381294964029
170330,2020-05-01,35.94249201277955
170360,2020-05-01,31.659882406151063
170370,2020-05-01,67.04113063960862
170380,2020-05-01,20.875010872401493
170382,2020-05-01,21.891418563922944
170384,2020-05-01,25.2133436772692
170386,2020-05-01,18.013960819635216
170388,2020-05-01,26.89204763734153
170389,2020-05-01,12.106537530266344
170390,2020-05-01,40.4263138552003
170410,2020-05-01,34.059945504087196
170460,2020-05-01,14.184397163120568
170510,2020-05-01,18.012608826178322
170550,2020-05-01,35.145463166996734
170555,2020-05-01,20.57189878625797
170560,2020-05-01,53.82921458282359
170600,2020-05-01,24.827097003014718
170610,2020-05-01,45.34212695795548
170625,2020-05-01,23.054755043227665
170650,2020-05-01,50.210560414642046
170700,2020-05-01,57.973599714591515
170710,2020-05-01,61.932882039464204
170720,2020-05-01,36.18649965205289
170730,2020-05-01,27.742210840802393
170740,2020-05-01,8.977466558937069
170755,2020-05-01,60.052219321148826
170765,2020-05-01,41.96070951745184
170770,2020-05-01,36.060401171963036
170820,2020-05-01,32.61046796021523
170825,2020-05-01,49.96156802459647
170830,2020-05-01,21.44249512670565
170900,2020-05-01,35.12791141657121
170930,2020-05-01,37.45461494362698
170950,2020-05-01,37.2379918898852
170980,2020-05-01,48.732943469785575
171050,2020-05-01,38.91572732152442
171070,2020-05-01,10.2880658436214
171090,2020-05-01,26.350461133069828
171110,2020-05-01,41.32231404958678
171150,2020-05-01,23.207839092315627
171180,2020-05-01,64.1025641025641
171190,2020-05-01,37.29160573267037
171195,2020-05-01,45.52697473252903
171200,2020-05-01,37.890748342279764
171215,2020-05-01,10.235414534288639
171240,2020-05-01,37.503348513260114
171245,2020-05-01,9.511731135066583
171250,2020-05-01,47.5827940616673
171270,2020-05-01,29.314767314034444
171280,2020-05-01,8.700696055684455
171320,2020-05-01,57.98394290811775
171330,2020-05-01,44.467501667531316
171360,2020-05-01,28.51475328539549
171370,2020-05-01,65.359477124183
171380,2020-05-01,16.308376575240917
171395,2020-05-01,30.666294954000556
171420,2020-05-01,48.648648648648646
171430,2020-05-01,28.690662493479394
171488,2020-05-01,38.60031887219938
171500,2020-05-01,30.204460966542754
171510,2020-05-01,52.30839208551285
171515,2020-05-01,30.01715265866209
171525,2020-05-01,18.214936247723134
171550,2020-05-01,53.66726296958855
171570,2020-05-01,32.6211058554885
171575,2020-05-01,29.963522668056278
171610,2020-05-01,48.17791139118537
171620,2020-05-01,34.49267030755964
171630,2020-05-01,39.038422025888636
171650,2020-05-01,54.454367240252665
171660,2020-05-01,32.00539038153794
171665,2020-05-01,23.58490566037736
171670,2020-05-01,42.99226139294927
171700,2020-05-01,60.94808126410835
171720,2020-05-01,42.861852950873725
171750,2020-05-01,37.453183520599254
171780,2020-05-01,15.247222827270747
171790,2020-05-01,25.874815179891574
171800,2020-05-01,37.85488958990536
171820,2020-05-01,77.65023632680621
171830,2020-05-01,20.00470698987997
171840,2020-05-01,43.525571273122964
171845,2020-05-01,36.8052999631947
171850,2020-05-01,13.818516812528788
171855,2020-05-01,25.619128949615714
171865,2020-05-01,18.424689083371717
171870,2020-05-01,35.0140056022409
171875,2020-05-01,20.036991368680642
171880,2020-05-01,18.773466833541928
171884,2020-05-01,47.435517343611025
171886,2020-05-01,32.91639236339697
171888,2020-05-01,31.55479059093517
171889,2020-05-01,16.764459346186086
171890,2020-05-01,55.71605447791993
171900,2020-05-01,51.77770107007248
172000,2020-05-01,19.76284584980237
172010,2020-05-01,25.969207939157855
172015,2020-05-01,56.32040050062578
172020,2020-05-01,7.320644216691069
172025,2020-05-01,16.160310277957336
172030,2020-05-01,12.36603462489695
172049,2020-05-01,40.98360655737705
172065,2020-05-01,33.16138540899042
172080,2020-05-01,17.783705679671
172085,2020-05-01,30.211480362537763
172090,2020-05-01,15.453194650817236
172093,2020-05-01,36.934441366574326
172097,2020-05-01,21.337126600284495
172100,2020-05-01,39.53691853631781
172110,2020-05-01,53.82696599711172
172120,2020-05-01,42.02232435981615
172125,2020-05-01,31.21748178980229
172130,2020-05-01,21.986075485525834
172208,2020-05-01,23.862280552241348
172210,2020-05-01,98.09027777777777
170025,2020-06-01,42.40555127216654
170030,2020-06-01,23.21532211259431
170035,2020-06-01,35.54059109614665
170040,2020-06-01,41.55323112193724
170070,2020-06-01,44.06860409718914
170100,2020-06-01,31.605562579013906
170105,2020-06-01,26.056745801968734
170110,2020-06-01,39.19141914191419
170130,2020-06-01,26.17344268016053
170190,2020-06-01,81.06219426974143
170200,2020-06-01,75.58757529231133
170210,2020-06-01,40.89845731019026
170215,2020-06-01,34.52442603141723
170220,2020-06-01,23.77661045064971
170230,2020-06-01,36.27569528415961
170240,2020-06-01,25.631289158913994
170255,2020-06-01,38.620393713458135
170270,2020-06-01,7.930214115781126
170290,2020-06-01,42.91406968427506
170300,2020-06-01,20.626289143071443
170305,2020-06-01,52.89532293986637
170307,2020-06-01,43.17789291882556
170310,2020-06-01,58.39674393912582
170320,2020-06-01,40.46762589928058
170330,2020-06-01,25.95846645367412
170360,2020-06-01,9.045680687471732
170370,2020-06-01,19.931146946910673
170380,2020-06-01,24.35417935113508
170382,2020-06-01,17.513134851138354
170384,2020-06-01,33.94103956555469
170386,2020-06-01,27.020941229452827
170388,2020-06-01,26.89204763734153
170389,2020-06-01,38.7409200968523
170390,2020-06-01,40.4263138552003
170410,2020-06-01,20.435967302452315
170460,2020-06-01,49.64539007092199
170510,2020-06-01,33.023116181326934
170550,2020-06-01,38.21371788792502
170555,2020-06-01,24.686278543509566
170560,2020-06-01,12.233912405187178
170600,2020-06-01,24.827097003014718
170610,2020-06-01,57.70816158285243
170625,2020-06-01,23.054755043227665
170650,2020-06-01,40.492387431162946
170700,2020-06-01,37.013913663931504
170710,2020-06-01,40.32838830476739
170720,2020-06-01,25.052192066805844
170730,2020-06-01,42.68032437046522
170740,2020-06-01,10.772959870724481
170755,2020-06-01,31.33159268929504
170765,2020-06-01,19.07304978065993
170770,2020-06-01,24.791525805724586
170820,2020-06-01,36.95853035491059
170825,2020-06-01,42.27517294388932
170830,2020-06-01,29.239766081871345
170900,2020-06-01,47.3463153875525
170930,2020-06-01,45.09841391171412
170950,2020-06-01,40.207893083557025
170980,2020-06-01,34.1130604288499
171050,2020-06-01,36.231884057971016
171070,2020-06-01,24.005486968449933
171090,2020-06-01,28.985507246376812
171110,2020-06-01,41.32231404958678
171150,2020-06-01,30.943785456420837
171180,2020-06-01,54.94505494505495
171190,2020-06-01,46.06610119918105
171195,2020-06-01,38.69792852264967
171200,2020-06-01,34.733185980423116
171215,2020-06-01,10.235414534288639
171240,2020-06-01,26.78810608090008
171245,2020-06-01,15.85288522511097
171250,2020-06-01,38.066235249333836
171270,2020-06-01,36.64345914254306
171280,2020-06-01,20.301624129930392
171320,2020-06-01,55.753791257805524
171330,2020-06-01,36.31512636181724
171360,2020-06-01,27.274981403421773
171370,2020-06-01,69.71677559912854
171380,2020-06-01,20.756115641215718
171395,2020-06-01,19.514914970727627
171420,2020-06-01,23.783783783783786
171430,2020-06-01,18.257694314032342
171488,2020-06-01,31.887219937903836
171500,2020-06-01,27.881040892193308
171510,2020-06-01,40.937002501705706
171515,2020-06-01,47.16981132075472
171525,2020-06-01,10.92896174863388
171550,2020-06-01,26.833631484794275
171570,2020-06-01,39.145327026586195
171575,2020-06-01,23.44971339239187
171610,2020-06-01,41.43300379641942
171620,2020-06-01,68.98534061511928
171630,2020-06-01,20.546537908362442
171650,2020-06-01,72.60582298700356
171660,2020-06-01,47.16583845700328
171665,2020-06-01,36.2844702467344
171670,2020-06-01,34.393809114359414
171700,2020-06-01,40.63205417607223
171720,2020-06-01,36.26772172766238
171750,2020-06-01,55.53403073744027
171780,2020-06-01,17.425397516880853
171790,2020-06-01,17.24987678659438
171800,2020-06-01,25.23659305993691
171820,2020-06-01,56.26828719333784
171830,2020-06-01,29.41868674982349
171840,2020-06-01,24.483133841131664
171845,2020-06-01,22.08317997791682
171850,2020-06-01,27.637033625057576
171855,2020-06-01,27.754056362083688
171865,2020-06-01,23.030861354214647
171870,2020-06-01,56.022408963585434
171875,2020-06-01,21.57829839704069
171880,2020-06-01,37.546933667083856
171884,2020-06-01,47.435517343611025
171886,2020-06-01,22.38314680710994
171888,2020-06-01,22.948938611589213
171889,2020-06-01,33.52891869237217
171890,2020-06-01,30.953363598844405
171900,2020-06-01,55.22954780807732
172000,2020-06-01,19.76284584980237
172010,2020-06-01,25.969207939157855
172015,2020-06-01,31.289111389236545
172020,2020-06-01,5.69383439075972
172025,2020-06-01,22.624434389140273
172030,2020-06-01,28.854080791426217
172049,2020-06-01,33.299180327868854
172065,2020-06-01,36.84598378776713
172080,2020-06-01,16.672224074691563
172085,2020-06-01,25.17623363544814
172090,2020-06-01,19.613670133729567
172093,2020-06-01,36.934441366574326
172097,2020-06-01,24.893314366998577
172100,2020-06-01,36.17415833050383
172110,2020-06-01,57.76552448470526
172120,2020-06-01,51.21470781352593
172125,2020-06-01,41.623309053069725
172130,2020-06-01,25.65042139978014
172208,2020-06-01,18.748934719618205
172210,2020-06-01,80.72916666666667
170025,2020-07-01,61.680801850424054
170030,2020-07-01,26.1172373766686
170035,2020-07-01,39.28170594837262
170040,2020-07-01,22.925920618999857
170070,2020-07-01,63.1252977608385
170100,2020-07-01,36.87315634218289
170105,2020-07-01,17.371163867979156
170110,2020-07-01,33.00330033003301
170130,2020-07-01,36.64281975222474
170190,2020-07-01,57.3025856044724
170200,2020-07-01,54.328569741348765
170210,2020-07-01,44.44299027707341
170215,2020-07-01,31.071983428275505
170220,2020-07-01,42.57672103953553
170230,2020-07-01,42.32164449818622
170240,2020-07-01,26.580596164799694
170255,2020-07-01,42.911548570509034
170270,2020-07-01,10.573618821041501
170290,2020-07-01,36.78348830080719
170300,2020-07-01,20.626289143071443
170305,2020-07-01,58.46325167037862
170307,2020-07-01,38.860103626943
170310,2020-07-01,37.16156432489825
170320,2020-07-01,40.46762589928058
170330,2020-07-01,23.961661341853034
170360,2020-07-01,45.228403437358665
170370,2020-07-01,43.48613879325965
170380,2020-07-01,38.27085326606941
170382,2020-07-01,13.134851138353765
170384,2020-07-01,32.00155159038014
170386,2020-07-01,24.769196126998423
170388,2020-07-01,30.73376872839032
170389,2020-07-01,48.426150121065376
170390,2020-07-01,34.91363469312753
170410,2020-07-01,17.029972752043598
170460,2020-07-01,21.27659574468085
170510,2020-07-01,57.03992794956469
170550,2020-07-01,44.350227329781596
170555,2020-07-01,22.629088664883767
170560,2020-07-01,24.467824810374356
170600,2020-07-01,31.920553289590355
170610,2020-07-01,74.1962077493817
170625,2020-07-01,46.10951008645533
170650,2020-07-01,35.633300939423386
170700,2020-07-01,27.202996789154476
170710,2020-07-01,31.686590810888664
170720,2020-07-01,16.701461377870565
170730,2020-07-01,53.350405463081515
170740,2020-07-01,23.341413053236376
170755,2020-07-01,39.164490861618795
170765,2020-07-01,30.516879649055884
170770,2020-07-01,16.903313049357674
170820,2020-07-01,46.19816294363824
170825,2020-07-01,61.49116064565719
170830,2020-07-01,31.189083820662766
170900,2020-07-01,36.65521191294387
170930,2020-07-01,48.53812344735333
170950,2020-07-01,40.55057399051916
170980,2020-07-01,34.1130604288499
171050,2020-07-01,42.941492216854535
171070,2020-07-01,25.720164609053498
171090,2020-07-01,34.255599472990774
171110,2020-07-01,45.45454545454545
171150,2020-07-01,46.415678184631254
171180,2020-07-01,36.63003663003663
171190,2020-07-01,47.52851711026616
171195,2020-07-01,29.592533576143868
171200,2020-07-01,47.3634354278497
171215,2020-07-01,10.235414534288639
171240,2020-07-01,16.072863648540046
171245,2020-07-01,22.194039315155358
171250,2020-07-01,19.033117624666918
171270,2020-07-01,21.986075485525834
171280,2020-07-01,20.301624129930392
171320,2020-07-01,57.98394290811775
171330,2020-07-01,59.29000222337508
171360,2020-07-01,42.152243987106374
171370,2020-07-01,78.43137254901961
171380,2020-07-01,31.134173461823572
171395,2020-07-01,66.90827989963758
171420,2020-07-01,38.91891891891892
171430,2020-07-01,41.73187271778821
171488,2020-07-01,32.72635730469078
171500,2020-07-01,37.174721189591075
171510,2020-07-01,29.565612917898566
171515,2020-07-01,12.86449399656947
171525,2020-07-01,10.92896174863388
171550,2020-07-01,53.66726296958855
171570,2020-07-01,27.727939977165228
171575,2020-07-01,42.99114121938509
171610,2020-07-01,49.91231620126805
171620,2020-07-01,76.65037846124365
171630,2020-07-01,32.874460653379906
171650,2020-07-01,45.0156102519422
171660,2020-07-01,44.6390971110924
171665,2020-07-01,19.956458635703918
171670,2020-07-01,40.5355607419236
171700,2020-07-01,54.17607223476298
171720,2020-07-01,26.376524892845367
171750,2020-07-01,32.28722717293039
171780,2020-07-01,13.06904813766064
171790,2020-07-01,33.267619517003446
171800,2020-07-01,31.545741324921135
171820,2020-07-01,72.77365143671693
171830,2020-07-01,24.71169686985173
171840,2020-07-01,27.20348204570185
171845,2020-07-01,25.763709974236292
171850,2020-07-01,27.637033625057576
171855,2020-07-01,42.69854824935952
171865,2020-07-01,32.2432058959005
171870,2020-07-01,56.022408963585434
171875,2020-07-01,13.871763255240444
171880,2020-07-01,85.52357113057988
171884,2020-07-01,53.36495701156241
171886,2020-07-01,30.283080974325213
171888,2020-07-01,28.68617326448652
171889,2020-07-01,71.24895222129086
171890,2020-07-01,43.334709038382165
171900,2020-07-01,48.32585433206766
172000,2020-07-01,19.76284584980237
172010,2020-07-01,31.53403821183454
172015,2020-07-01,31.289111389236545
172020,2020-07-01,10.574263868553768
172025,2020-07-01,25.85649644473174
172030,2020-07-01,39.159109645507
172049,2020-07-01,30.737704918032787
172065,2020-07-01,38.688282977155495
172080,2020-07-01,31.12148493942425
172085,2020-07-01,45.31722054380665
172090,2020-07-01,13.670133729569093
172093,2020-07-01,41.551246537396125
172097,2020-07-01,35.56187766714083
172100,2020-07-01,41.23462271789381
172110,2020-07-01,78.77116975187081
172120,2020-07-01,60.84482381265047
172125,2020-07-01,31.21748178980229
172130,2020-07-01,29.314767314034444
172208,2020-07-01,32.38452360661326
172210,2020-07-01,65.97222222222223
170025,2020-08-01,34.69545104086353
170030,2020-08-01,29.01915264074289
170035,2020-08-01,33.67003367003367
170040,2020-08-01,28.65740077374982
170070,2020-08-01,54.787994282991896
170100,2020-08-01,23.17741255794353
170105,2020-08-01,14.475969889982629
170110,2020-08-01,55.69306930693069
170130,2020-08-01,36.64281975222474
170190,2020-08-01,53.10971348707198
170200,2020-08-01,60.23384906106059
170210,2020-08-01,45.642678358172326
170215,2020-08-01,20.714655618850333
170220,2020-08-01,35.11197124688969
170230,2020-08-01,45.34461910519952
170240,2020-08-01,18.036833111828365
170255,2020-08-01,34.865633213538594
170270,2020-08-01,10.573618821041501
170290,2020-08-01,39.84877899254113
170300,2020-08-01,27.18919932495781
170305,2020-08-01,25.055679287305125
170307,2020-08-01,28.065630397236617
170310,2020-08-01,23.004777915413204
170320,2020-08-01,40.46762589928058
170330,2020-08-01,47.92332268370607
170360,2020-08-01,22.614201718679332
170370,2020-08-01,47.10998369269795
170380,2020-08-01,26.963555710185265
170382,2020-08-01,21.891418563922944
170384,2020-08-01,27.152831652443755
170386,2020-08-01,36.02792163927043
170388,2020-08-01,26.89204763734153
170389,2020-08-01,24.213075060532688
170390,2020-08-01,27.563395810363836
170410,2020-08-01,30.653950953678475
170460,2020-08-01,63.82978723404255
170510,2020-08-01,36.025217652356645
170550,2020-08-01,54.39178823463781
170555,2020-08-01,12.343139271754783
170560,2020-08-01,56.27599706386102
170600,2020-08-01,21.2803688597269
170610,2020-08-01,43.968123110744706
170625,2020-08-01,28.81844380403458
170650,2020-08-01,35.633300939423386
170700,2020-08-01,24.08134141990724
170710,2020-08-01,34.56718997551491
170720,2020-08-01,16.701461377870565
170730,2020-08-01,32.01024327784891
170740,2020-08-01,24.239159709130085
170755,2020-08-01,73.10704960835508
170765,2020-08-01,28.609574670989893
170770,2020-08-01,23.66463826910074
170820,2020-08-01,26.631882167509104
170825,2020-08-01,49.96156802459647
170830,2020-08-01,27.290448343079923
170900,2020-08-01,45.81901489117984
170930,2020-08-01,30.957385820752915
170950,2020-08-01,37.46644582785996
170980,2020-08-01,38.98635477582846
171050,2020-08-01,40.25764895330112
171070,2020-08-01,13.717421124828531
171090,2020-08-01,26.350461133069828
171110,2020-08-01,4.132231404958677
171150,2020-08-01,36.101083032490976
171180,2020-08-01,54.94505494505495
171190,2020-08-01,32.90435799941503
171195,2020-08-01,45.52697473252903
171200,2020-08-01,53.678560151563
171215,2020-08-01,15.353121801432957
171240,2020-08-01,16.072863648540046
171245,2020-08-01,22.194039315155358
171250,2020-08-01,49.48610582413399
171270,2020-08-01,25.65042139978014
171280,2020-08-01,31.902552204176335
171320,2020-08-01,69.13470115967885
171330,2020-08-01,27.42162602831098
171360,2020-08-01,35.95338457723779
171370,2020-08-01,69.71677559912854
171380,2020-08-01,35.58191252779837
171395,2020-08-01,55.756899916364645
171420,2020-08-01,41.08108108108109
171430,2020-08-01,44.340114762649975
171488,2020-08-01,35.24376940505161
171500,2020-08-01,20.91078066914498
171510,2020-08-01,75.05117125312712
171515,2020-08-01,4.288164665523156
171525,2020-08-01,29.143897996357012
171550,2020-08-01,26.833631484794275
171570,2020-08-01,17.941608220518674
171575,2020-08-01,35.17457008858781
171610,2020-08-01,50.10502784683278
171620,2020-08-01,28.743891922966373
171630,2020-08-01,34.92911444421615
171650,2020-08-01,47.193784941552316
171660,2020-08-01,35.37437884275246
171665,2020-08-01,29.027576197387518
171670,2020-08-01,25.795356835769564
171700,2020-08-01,45.14672686230248
171720,2020-08-01,19.782393669634025
171750,2020-08-01,42.619139868268114
171780,2020-08-01,26.13809627532128
171790,2020-08-01,46.821094135041896
171800,2020-08-01,18.92744479495268
171820,2020-08-01,73.14877335133919
171830,2020-08-01,21.18145445987291
171840,2020-08-01,27.20348204570185
171845,2020-08-01,18.40264998159735
171850,2020-08-01,16.12160294795025
171855,2020-08-01,29.88898377455166
171865,2020-08-01,73.69875633348687
171870,2020-08-01,59.52380952380952
171875,2020-08-01,38.53267570900123
171880,2020-08-01,37.546933667083856
171884,2020-08-01,53.36495701156241
171886,2020-08-01,30.283080974325213
171888,2020-08-01,43.02925989672977
171889,2020-08-01,20.955574182732608
171890,2020-08-01,37.14403631861329
171900,2020-08-01,20.711080428028996
172000,2020-08-01,19.76284584980237
172010,2020-08-01,22.259321090706734
172015,2020-08-01,62.57822277847309
172020,2020-08-01,10.574263868553768
172025,2020-08-01,16.160310277957336
172030,2020-08-01,30.915086562242376
172049,2020-08-01,33.299180327868854
172065,2020-08-01,31.319086219602067
172080,2020-08-01,27.78704012448594
172085,2020-08-01,50.35246727089628
172090,2020-08-01,14.264487369985142
172093,2020-08-01,27.700831024930746
172097,2020-08-01,21.337126600284495
172100,2020-08-01,40.059289053725806
172110,2020-08-01,57.76552448470526
172120,2020-08-01,49.02604508645218
172125,2020-08-01,31.21748178980229
172130,2020-08-01,21.986075485525834
172208,2020-08-01,20.453383330492585
172210,2020-08-01,44.270833333333336
170025,2020-09-01,34.69545104086353
170030,2020-09-01,18.86244921648288
170035,2020-09-01,29.928918817807705
170040,2020-09-01,50.150451354062184
170070,2020-09-01,70.27155788470701
170100,2020-09-01,32.659081331647705
170105,2020-09-01,26.056745801968734
170110,2020-09-01,55.69306930693069
170130,2020-09-01,38.38771593090211
170190,2020-09-01,40.53109713487071
170200,2020-09-01,49.60434628557931
170210,2020-09-01,37.08126796123917
170215,2020-09-01,27.619540825133782
170220,2020-09-01,17.970693945258503
170230,2020-09-01,60.45949214026602
170240,2020-09-01,32.276438200113915
170255,2020-09-01,25.746929142305422
170270,2020-09-01,26.434047052603756
170290,2020-09-01,26.565852661694084
170300,2020-09-01,25.314082130133134
170305,2020-09-01,36.19153674832962
170307,2020-09-01,49.65457685664939
170310,2020-09-01,23.004777915413204
170320,2020-09-01,47.21223021582734
170330,2020-09-01,11.980830670926517
170360,2020-09-01,13.568521031207597
170370,2020-09-01,38.05037144410219
170380,2020-09-01,18.26563451335131
170382,2020-09-01,8.756567425569177
170384,2020-09-01,20.364623739332817
170386,2020-09-01,47.28664715154245
170388,2020-09-01,72.99270072992701
170389,2020-09-01,31.476997578692494
170390,2020-09-01,33.07607497243661
170410,2020-09-01,17.029972752043598
170460,2020-09-01,7.092198581560284
170510,2020-09-01,27.018913239267487
170550,2020-09-01,41.83983710356754
170555,2020-09-01,43.20098745114174
170560,2020-09-01,41.59530217763641
170600,2020-09-01,31.920553289590355
170610,2020-09-01,43.968123110744706
170625,2020-09-01,17.29106628242075
170650,2020-09-01,34.01360544217687
170700,2020-09-01,37.45986443096682
170710,2020-09-01,34.56718997551491
170720,2020-09-01,30.619345859429366
170730,2020-09-01,36.278275714895436
170740,2020-09-01,24.239159709130085
170755,2020-09-01,60.052219321148826
170765,2020-09-01,26.7022696929239
170770,2020-09-01,29.29907595221997
170820,2020-09-01,41.30659274960596
170825,2020-09-01,34.588777863182166
170830,2020-09-01,31.189083820662766
170900,2020-09-01,34.36426116838488
170930,2020-09-01,34.39709535639213
170950,2020-09-01,39.17985036267063
170980,2020-09-01,48.732943469785575
171050,2020-09-01,36.231884057971016
171070,2020-09-01,18.86145404663923
171090,2020-09-01,36.89064558629776
171110,2020-09-01,20.66115702479339
171150,2020-09-01,23.207839092315627
171180,2020-09-01,54.94505494505495
171190,2020-09-01,36.56039777712782
171195,2020-09-01,43.25062599590257
171200,2020-09-01,75.78149668455953
171215,2020-09-01,5.117707267144319
171240,2020-09-01,42.86096972944013
171245,2020-09-01,47.55865567533291
171250,2020-09-01,32.356299961933765
171270,2020-09-01,25.65042139978014
171280,2020-09-01,5.800464037122969
171320,2020-09-01,59.099018733273866
171330,2020-09-01,36.31512636181724
171360,2020-09-01,38.432928341185224
171370,2020-09-01,56.64488017429194
171380,2020-09-01,25.20385470719051
171395,2020-09-01,19.514914970727627
171420,2020-09-01,42.16216216216216
171430,2020-09-01,36.515388628064684
171488,2020-09-01,36.922044138625495
171500,2020-09-01,34.85130111524163
171510,2020-09-01,65.95405958608141
171515,2020-09-01,25.72898799313894
171525,2020-09-01,47.35883424408014
171550,2020-09-01,223.61359570661898
171570,2020-09-01,19.572663513293097
171575,2020-09-01,39.082855653986456
171610,2020-09-01,44.1309668343258
171620,2020-09-01,24.911372999904188
171630,2020-09-01,41.093075816724884
171650,2020-09-01,45.0156102519422
171660,2020-09-01,39.58561441927061
171665,2020-09-01,36.2844702467344
171670,2020-09-01,25.795356835769564
171700,2020-09-01,42.88939051918736
171720,2020-09-01,3.297065611605671
171750,2020-09-01,41.3276507813509
171780,2020-09-01,23.959921585711175
171790,2020-09-01,45.58896007885658
171800,2020-09-01,12.618296529968456
171820,2020-09-01,72.96121239402805
171830,2020-09-01,10.590727229936455
171840,2020-09-01,38.08487486398259
171845,2020-09-01,29.44423997055576
171850,2020-09-01,66.78949792722248
171855,2020-09-01,34.158838599487616
171865,2020-09-01,9.212344541685859
171870,2020-09-01,49.01960784313725
171875,2020-09-01,32.36744759556103
171880,2020-09-01,25.03128911138924
171884,2020-09-01,53.36495701156241
171886,2020-09-01,22.38314680710994
171888,2020-09-01,28.68617326448652
171889,2020-09-01,29.33780385582565
171890,2020-09-01,24.762690879075524
171900,2020-09-01,48.32585433206766
172000,2020-09-01,23.715415019762847
172010,2020-09-01,29.679094787608975
172015,2020-09-01,75.09386733416771
172020,2020-09-01,7.320644216691069
172025,2020-09-01,19.392372333548806
172030,2020-09-01,30.915086562242376
172049,2020-09-01,38.42213114754098
172065,2020-09-01,35.003684598378776
172080,2020-09-01,18.89518728465044
172085,2020-09-01,35.24672708962739
172090,2020-09-01,18.424962852897476
172093,2020-09-01,41.551246537396125
172097,2020-09-01,3.556187766714083
172100,2020-09-01,38.524825658839816
172110,2020-09-01,56.452671655507416
172120,2020-09-01,53.403370540599695
172125,2020-09-01,26.014568158168576
172130,2020-09-01,43.97215097105167
172208,2020-09-01,19.601159025055395
172210,2020-09-01,58.15972222222222
170025,2020-10-01,61.680801850424054
170030,2020-10-01,5.803830528148578
170035,2020-10-01,48.634493078937524
170040,2020-10-01,34.38888092849978
170070,2020-10-01,71.4626012386851
170100,2020-10-01,28.445006321112515
170105,2020-10-01,17.371163867979156
170110,2020-10-01,35.06600660066007
170130,2020-10-01,45.367300645611586
170190,2020-10-01,33.54297693920335
170200,2020-10-01,69.6822959725995
170210,2020-10-01,40.789394757363084
170215,2020-10-01,46.60797514241326
170220,2020-10-01,14.376555156206802
170230,2020-10-01,48.367593712212816
170240,2020-10-01,54.110499335485095
170255,2020-10-01,18.773802499597704
170270,2020-10-01,10.573618821041501
170290,2020-10-01,16.348217022580975
170300,2020-10-01,27.18919932495781
170305,2020-10-01,38.97550111358575
170307,2020-10-01,56.131260794473235
170310,2020-10-01,40.700760927269506
170320,2020-10-01,33.723021582733814
170330,2020-10-01,15.974440894568689
170360,2020-10-01,54.27408412483039
170370,2020-10-01,30.802681645225586
170380,2020-10-01,16.526050273984517
170382,2020-10-01,8.756567425569177
170384,2020-10-01,23.273855702094647
170386,2020-10-01,47.28664715154245
170388,2020-10-01,30.73376872839032
170389,2020-10-01,19.37046004842615
170390,2020-10-01,45.938993017273056
170410,2020-10-01,23.841961852861036
170460,2020-10-01,21.27659574468085
170510,2020-10-01,42.02942059441609
170550,2020-10-01,37.37692114585367
170555,2020-10-01,49.37255708701913
170560,2020-10-01,51.38243210178615
170600,2020-10-01,24.827097003014718
170610,2020-10-01,68.70019236053861
170625,2020-10-01,34.5821325648415
170650,2020-10-01,30.774214447683836
170700,2020-10-01,34.33820906171958
170710,2020-10-01,61.932882039464204
170720,2020-10-01,30.619345859429366
170730,2020-10-01,25.60819462227913
170740,2020-10-01,22.44366639734267
170755,2020-10-01,57.441253263707566
170765,2020-10-01,47.682624451649815
170770,2020-10-01,18.030200585981518
170820,2020-10-01,39.132561552258274
170825,2020-10-01,115.29592621060722
170830,2020-10-01,17.54385964912281
170900,2020-10-01,53.45551737304314
170930,2020-10-01,41.27651442767055
170950,2020-10-01,40.207893083557025
170980,2020-10-01,48.732943469785575
171050,2020-10-01,34.88996242619431
171070,2020-10-01,8.573388203017831
171090,2020-10-01,31.620553359683793
171110,2020-10-01,20.66115702479339
171150,2020-10-01,38.679731820526044
171180,2020-10-01,18.315018315018314
171190,2020-10-01,40.2164375548406
171195,2020-10-01,22.763487366264513
171200,2020-10-01,82.09662140827281
171215,2020-10-01,5.117707267144319
171240,2020-10-01,80.36431824270024
171245,2020-10-01,9.511731135066583
171250,2020-10-01,20.93642938713361
171270,2020-10-01,36.64345914254306
171280,2020-10-01,11.600928074245939
171320,2020-10-01,68.01962533452274
171330,2020-10-01,51.878751945453196
171360,2020-10-01,34.713612695264075
171370,2020-10-01,34.85838779956427
171380,2020-10-01,17.790956263899186
171395,2020-10-01,27.878449958182323
171420,2020-10-01,36.75675675675676
171430,2020-10-01,18.257694314032342
171488,2020-10-01,23.495846270034406
171500,2020-10-01,39.49814126394052
171510,2020-10-01,38.66272458494428
171515,2020-10-01,17.152658662092623
171525,2020-10-01,29.143897996357012
171550,2020-10-01,17.88908765652952
171570,2020-10-01,16.31055292774425
171575,2020-10-01,35.17457008858781
171610,2020-10-01,51.646721011350714
171620,2020-10-01,67.0690811535882
171630,2020-10-01,30.81980686254366
171650,2020-10-01,42.837435562332104
171660,2020-10-01,53.061568264128695
171665,2020-10-01,32.65602322206096
171670,2020-10-01,27.0237071612824
171700,2020-10-01,33.86004514672686
171720,2020-10-01,29.673590504451038
171750,2020-10-01,40.03616169443368
171780,2020-10-01,32.672620344151596
171790,2020-10-01,43.124691966485955
171800,2020-10-01,53.62776025236593
171820,2020-10-01,66.58413984544977
171830,2020-10-01,11.767474699929394
171840,2020-10-01,27.20348204570185
171845,2020-10-01,55.20794994479205
171850,2020-10-01,20.727775218793184
171855,2020-10-01,27.754056362083688
171865,2020-10-01,27.637033625057576
171870,2020-10-01,52.52100840336135
171875,2020-10-01,58.56966707768188
171880,2020-10-01,20.859407592824365
171884,2020-10-01,85.97687518529499
171886,2020-10-01,31.59973666886109
171888,2020-10-01,31.55479059093517
171889,2020-10-01,25.14668901927913
171890,2020-10-01,37.14403631861329
171900,2020-10-01,41.42216085605799
172000,2020-10-01,19.76284584980237
172010,2020-10-01,20.404377666481174
172015,2020-10-01,37.546933667083856
172020,2020-10-01,1.6268098259313488
172025,2020-10-01,38.78474466709761
172030,2020-10-01,18.549051937345425
172049,2020-10-01,46.10655737704918
172065,2020-10-01,44.215180545320564
172080,2020-10-01,6.668889629876625
172085,2020-10-01,10.070493454179255
172090,2020-10-01,20.802377414561665
172093,2020-10-01,18.467220683287163
172097,2020-10-01,24.893314366998577
172100,2020-10-01,36.99036226395382
172110,2020-10-01,56.452671655507416
172120,2020-10-01,46.39964981396367
172125,2020-10-01,41.623309053069725
172130,2020-10-01,25.65042139978014
172208,2020-10-01,29.827850690301688
172210,2020-10-01,51.21527777777778
170025,2020-11-01,34.69545104086353
170030,2020-11-01,13.0586186883343
170035,2020-11-01,41.1522633744856
170040,2020-11-01,37.25462100587477
170070,2020-11-01,60.74321105288233
170100,2020-11-01,42.14075010535188
170105,2020-11-01,23.161551823972204
170110,2020-11-01,30.940594059405942
170130,2020-11-01,45.367300645611586
170190,2020-11-01,72.6764500349406
170200,2020-11-01,44.88012282980986
170210,2020-11-01,45.04283431762287
170215,2020-11-01,63.87018815812187
170220,2020-11-01,20.73541609068289
170230,2020-11-01,54.41354292623942
170240,2020-11-01,30.377824188342508
170255,2020-11-01,24.137746070911334
170270,2020-11-01,37.00766587364525
170290,2020-11-01,18.391744150403596
170300,2020-11-01,27.18919932495781
170305,2020-11-01,47.32739420935412
170307,2020-11-01,41.01899827288429
170310,2020-11-01,35.39196602371262
170320,2020-11-01,47.21223021582734
170330,2020-11-01,33.945686900958464
170360,2020-11-01,45.228403437358665
170370,2020-11-01,36.23844899438304
170380,2020-11-01,16.526050273984517
170382,2020-11-01,21.891418563922944
170384,2020-11-01,27.152831652443755
170386,2020-11-01,27.020941229452827
170388,2020-11-01,38.417210910487896
170389,2020-11-01,16.949152542372882
170390,2020-11-01,33.07607497243661
170410,2020-11-01,30.653950953678475
170460,2020-11-01,35.46099290780142
170510,2020-11-01,51.03572500750525
170550,2020-11-01,57.181110708208976
170555,2020-11-01,10.285949393128986
170560,2020-11-01,34.254954734524105
170600,2020-11-01,37.24064550452208
170610,2020-11-01,53.586150041220115
170625,2020-11-01,34.5821325648415
170650,2020-11-01,42.112082928409464
170700,2020-11-01,37.90581519800214
170710,2020-11-01,31.686590810888664
170720,2020-11-01,23.660403618649966
170730,2020-11-01,25.60819462227913
170740,2020-11-01,15.261693150193016
170755,2020-11-01,65.27415143603133
170765,2020-11-01,36.23879458325386
170770,2020-11-01,30.425963488843813
170820,2020-11-01,30.436436762867547
170825,2020-11-01,38.43197540353574
170830,2020-11-01,29.239766081871345
170900,2020-11-01,41.23711340206186
170930,2020-11-01,43.95184406650105
170950,2020-11-01,35.296133417099774
170980,2020-11-01,53.60623781676413
171050,2020-11-01,46.96725711218465
171070,2020-11-01,10.2880658436214
171090,2020-11-01,39.52569169960474
171110,2020-11-01,33.05785123966942
171150,2020-11-01,15.471892728210419
171180,2020-11-01,50.36630036630037
171190,2020-11-01,40.2164375548406
171195,2020-11-01,22.763487366264513
171200,2020-11-01,78.93905904641616
171215,2020-11-01,10.235414534288639
171240,2020-11-01,29.466916688990086
171245,2020-11-01,12.682308180088777
171250,2020-11-01,32.356299961933765
171270,2020-11-01,32.979113228288746
171280,2020-11-01,20.301624129930392
171320,2020-11-01,71.36485280999108
171330,2020-11-01,47.43200177870006
171360,2020-11-01,43.39201586908009
171370,2020-11-01,30.501089324618736
171380,2020-11-01,26.686434395848778
171395,2020-11-01,41.81767493727348
171420,2020-11-01,38.91891891891892
171430,2020-11-01,33.907146583202916
171488,2020-11-01,32.72635730469078
171500,2020-11-01,30.204460966542754
171510,2020-11-01,50.03411416875142
171515,2020-11-01,30.01715265866209
171525,2020-11-01,25.500910746812387
171550,2020-11-01,125.22361359570662
171570,2020-11-01,37.514271733811775
171575,2020-11-01,28.660760812923396
171610,2020-11-01,42.974696960937344
171620,2020-11-01,28.743891922966373
171630,2020-11-01,57.53030614341483
171650,2020-11-01,44.28955202207217
171660,2020-11-01,23.58291922850164
171665,2020-11-01,23.58490566037736
171670,2020-11-01,36.85050976538509
171700,2020-11-01,40.63205417607223
171720,2020-11-01,26.376524892845367
171750,2020-11-01,37.453183520599254
171780,2020-11-01,41.38531910259203
171790,2020-11-01,36.96402168555939
171800,2020-11-01,56.782334384858046
171820,2020-11-01,70.3353589916723
171830,2020-11-01,10.590727229936455
171840,2020-11-01,43.525571273122964
171845,2020-11-01,25.763709974236292
171850,2020-11-01,32.2432058959005
171855,2020-11-01,44.83347566182749
171865,2020-11-01,36.849378166743435
171870,2020-11-01,35.0140056022409
171875,2020-11-01,21.57829839704069
171880,2020-11-01,29.20317062995411
171884,2020-11-01,74.11799584939223
171886,2020-11-01,25.016458196181702
171888,2020-11-01,31.55479059093517
171889,2020-11-01,33.52891869237217
171890,2020-11-01,33.0169211721007
171900,2020-11-01,34.51846738004833
172000,2020-11-01,31.620553359683793
172010,2020-11-01,68.63290669634576
172015,2020-11-01,100.12515644555695
172020,2020-11-01,5.69383439075972
172025,2020-11-01,9.696186166774403
172030,2020-11-01,12.36603462489695
172049,2020-11-01,40.98360655737705
172065,2020-11-01,44.215180545320564
172080,2020-11-01,7.780371234856062
172085,2020-11-01,20.14098690835851
172090,2020-11-01,13.075780089153048
172093,2020-11-01,23.08402585410896
172097,2020-11-01,24.893314366998577
172100,2020-11-01,33.49700942878784
172110,2020-11-01,61.70408297229881
172120,2020-11-01,42.02232435981615
172125,2020-11-01,46.82622268470343
172130,2020-11-01,18.32172957127153
172208,2020-11-01,27.271177773990114
172210,2020-11-01,62.5
170025,2020-12-01,30.840400925212027
170030,2020-12-01,13.0586186883343
170035,2020-12-01,41.1522633744856
170040,2020-12-01,22.925920618999857
170070,2020-12-01,71.4626012386851
170100,2020-12-01,31.605562579013906
170105,2020-12-01,23.161551823972204
170110,2020-12-01,41.25412541254125
170130,2020-12-01,33.15302739487001
170190,2020-12-01,46.121593291404615
170200,2020-12-01,35.43167591827093
170210,2020-12-01,39.97142561115928
170215,2020-12-01,22.4408769204212
170220,2020-12-01,15.758916228918993
170230,2020-12-01,37.787182587666265
170240,2020-12-01,38.92158724131384
170255,2020-12-01,23.064957356648605
170270,2020-12-01,13.217023526301878
170290,2020-12-01,30.652906917339326
170300,2020-12-01,19.6887305456591
170305,2020-12-01,25.055679287305125
170307,2020-12-01,25.906735751295336
170310,2020-12-01,23.004777915413204
170320,2020-12-01,33.723021582733814
170330,2020-12-01,19.968051118210862
170360,2020-12-01,31.659882406151063
170370,2020-12-01,34.426526544663886
170380,2020-12-01,19.135426633034704
170382,2020-12-01,17.513134851138354
170384,2020-12-01,21.334367726920092
170386,2020-12-01,31.52443143436163
170388,2020-12-01,26.89204763734153
170389,2020-12-01,31.476997578692494
170390,2020-12-01,31.23851525174568
170410,2020-12-01,23.841961852861036
170460,2020-12-01,28.368794326241137
170510,2020-12-01,30.02101471029721
170550,2020-12-01,35.70332766171097
170555,2020-12-01,30.85784817938696
170560,2020-12-01,51.38243210178615
170600,2020-12-01,19.507004788082995
170610,2020-12-01,43.968123110744706
170625,2020-12-01,34.5821325648415
170650,2020-12-01,37.2529964366699
170700,2020-12-01,28.540849090260433
170710,2020-12-01,28.80599164626242
170720,2020-12-01,33.40292275574113
170730,2020-12-01,53.350405463081515
170740,2020-12-01,12.568453182511893
170755,2020-12-01,39.164490861618795
170765,2020-12-01,30.516879649055884
170770,2020-12-01,15.776425512733828
170820,2020-12-01,34.78449915756291
170825,2020-12-01,34.588777863182166
170830,2020-12-01,13.645224171539962
170900,2020-12-01,42.00076365024819
170930,2020-12-01,30.575195872348555
170950,2020-12-01,41.9212976183677
170980,2020-12-01,48.732943469785575
171050,2020-12-01,25.49651100375738
171070,2020-12-01,15.432098765432098
171090,2020-12-01,18.44532279314888
171110,2020-12-01,24.793388429752067
171150,2020-12-01,7.735946364105209
171180,2020-12-01,18.315018315018314
171190,2020-12-01,57.765428487861946
171195,2020-12-01,27.316184839517415
171200,2020-12-01,72.62393432270287
171215,2020-12-01,10.235414534288639
171240,2020-12-01,26.78810608090008
171245,2020-12-01,9.511731135066583
171250,2020-12-01,38.066235249333836
171270,2020-12-01,25.65042139978014
171280,2020-12-01,11.600928074245939
171320,2020-12-01,60.771632471008026
171330,2020-12-01,42.24412658415474
171360,2020-12-01,23.55566575750062
171370,2020-12-01,56.64488017429194
171380,2020-12-01,14.825796886582653
171395,2020-12-01,27.878449958182323
171420,2020-12-01,32.43243243243243
171430,2020-12-01,28.690662493479394
171488,2020-12-01,31.048082571116893
171500,2020-12-01,13.940520446096654
171510,2020-12-01,38.66272458494428
171515,2020-12-01,17.152658662092623
171525,2020-12-01,29.143897996357012
171550,2020-12-01,62.61180679785331
171570,2020-12-01,30.990050562714075
171575,2020-12-01,37.78009379885357
171610,2020-12-01,40.46944556859571
171620,2020-12-01,30.66015138449746
171630,2020-12-01,39.038422025888636
171650,2020-12-01,32.672620344151596
171660,2020-12-01,23.58291922850164
171665,2020-12-01,21.77068214804064
171670,2020-12-01,18.425254882692546
171700,2020-12-01,47.40406320541761
171720,2020-12-01,16.485328058028355
171750,2020-12-01,43.91062895518533
171780,2020-12-01,26.13809627532128
171790,2020-12-01,32.03548546081814
171800,2020-12-01,18.92744479495268
171820,2020-12-01,57.95633580913797
171830,2020-12-01,12.944222169922334
171840,2020-12-01,19.042437431991296
171845,2020-12-01,62.56900993743099
171850,2020-12-01,11.515430677107323
171855,2020-12-01,14.94449188727583
171865,2020-12-01,13.818516812528788
171870,2020-12-01,49.01960784313725
171875,2020-12-01,30.826140567200987
171880,2020-12-01,20.859407592824365
171884,2020-12-01,53.36495701156241
171886,2020-12-01,28.966425279789338
171888,2020-12-01,20.08032128514056
171889,2020-12-01,33.52891869237217
171890,2020-12-01,35.080478745357
171900,2020-12-01,20.711080428028996
172000,2020-12-01,43.47826086956522
172010,2020-12-01,42.66369875718791
172015,2020-12-01,56.32040050062578
172020,2020-12-01,1.6268098259313488
172025,2020-12-01,6.464124111182935
172030,2020-12-01,8.244023083264633
172049,2020-12-01,33.299180327868854
172065,2020-12-01,42.3728813559322
172080,2020-12-01,8.8918528398355
172085,2020-12-01,55.387713997985905
172090,2020-12-01,27.93462109955423
172093,2020-12-01,18.467220683287163
172097,2020-12-01,28.449502133712663
172100,2020-12-01,33.30112048475984
172110,2020-12-01,69.58119994748589
172120,2020-12-01,42.02232435981615
172125,2020-12-01,41.623309053069725
172130,2020-12-01,29.314767314034444
172208,2020-12-01,34.941196522924834
172210,2020-12-01,39.0625
170025,2021-01-01,53.660406285933306
170030,2021-01-01,19.860973187686195
170035,2021-01-01,52.800301716009805
170040,2021-01-01,27.516292541636496
170070,2021-01-01,73.97685240424771
170100,2021-01-01,56.173820879703236
170105,2021-01-01,37.410071942446045
170110,2021-01-01,59.171597633136095
170130,2021-01-01,35.056967572305
170190,2021-01-01,38.765056070884675
170200,2021-01-01,48.70515561891185
170210,2021-01-01,51.00808075384574
170215,2021-01-01,32.44535519125683
170220,2021-01-01,24.88174336258989
170230,2021-01-01,65.25037936267071
170240,2021-01-01,18.0917920396115
170255,2021-01-01,31.266560678325384
170270,2021-01-01,7.876082961407193
170290,2021-01-01,25.46602831822349
170300,2021-01-01,38.432695913010875
170305,2021-01-01,22.03249793445332
170307,2021-01-01,19.259576289321636
170310,2021-01-01,31.7516316810725
170320,2021-01-01,42.802432980400994
170330,2021-01-01,39.0625
170360,2021-01-01,22.512381809995496
170370,2021-01-01,37.90613718411552
170380,2021-01-01,18.89385091034009
170382,2021-01-01,34.888791975577846
170384,2021-01-01,27.60590195145169
170386,2021-01-01,44.454323182929535
170388,2021-01-01,26.646364674533686
170389,2021-01-01,36.014405762304925
170390,2021-01-01,32.64417845484222
170410,2021-01-01,33.715441672285905
170460,2021-01-01,70.6713780918728
170510,2021-01-01,54.054054054054056
170550,2021-01-01,47.145102147721325
170555,2021-01-01,24.640657084188913
170560,2021-01-01,29.484029484029485
170600,2021-01-01,24.604569420035148
170610,2021-01-01,37.14914694551459
170625,2021-01-01,28.58776443682104
170650,2021-01-01,38.4
170700,2021-01-01,24.224806201550386
170710,2021-01-01,31.491554537646724
170720,2021-01-01,50.18820577164366
170730,2021-01-01,25.60819462227913
170740,2021-01-01,19.50354609929078
170755,2021-01-01,44.4560669456067
170765,2021-01-01,44.044427422443505
170770,2021-01-01,25.865946918578498
170820,2021-01-01,40.30940189563134
170825,2021-01-01,38.24091778202677
170830,2021-01-01,17.523364485981308
170900,2021-01-01,27.336927633077682
170930,2021-01-01,27.648373290913913
170950,2021-01-01,41.61577780793414
170980,2021-01-01,57.47126436781609
171050,2021-01-01,29.447195823852226
171070,2021-01-01,20.68608860541286
171090,2021-01-01,28.84111169375983
171110,2021-01-01,24.87562189054726
171150,2021-01-01,43.52278545826933
171180,2021-01-01,55.19779208831647
171190,2021-01-01,30.023589963542783
171195,2021-01-01,44.742729306487696
171200,2021-01-01,87.527352297593
171215,2021-01-01,5.040322580645161
171240,2021-01-01,8.049369466058492
171245,2021-01-01,34.375
171250,2021-01-01,37.50937734433608
171270,2021-01-01,43.274432023079704
171280,2021-01-01,5.763688760806916
171320,2021-01-01,52.7569775357386
171330,2021-01-01,44.27717511622758
171360,2021-01-01,26.88829137130286
171370,2021-01-01,60.57983556901774
171380,2021-01-01,20.497803806734993
171395,2021-01-01,24.841291747170853
171420,2021-01-01,32.4114088159032
171430,2021-01-01,26.511134676564158
171488,2021-01-01,34.95921425004162
171500,2021-01-01,18.39926402943882
171510,2021-01-01,40.449438202247194
171515,2021-01-01,12.86449399656947
171525,2021-01-01,32.51445086705203
171550,2021-01-01,35.587188612099645
171570,2021-01-01,36.89444979146615
171575,2021-01-01,36.3919937613725
171610,2021-01-01,36.93760591001695
171620,2021-01-01,26.85593708037598
171630,2021-01-01,34.800409416581374
171650,2021-01-01,68.03208249785162
171660,2021-01-01,33.344448149383126
171665,2021-01-01,27.04652001442481
171670,2021-01-01,34.66204506065858
171700,2021-01-01,58.90348889895787
171720,2021-01-01,59.24950625411455
171750,2021-01-01,37.03703703703704
171780,2021-01-01,32.708242477104235
171790,2021-01-01,35.400390625
171800,2021-01-01,21.875000000000004
171820,2021-01-01,65.09008168898504
171830,2021-01-01,17.517225271516992
171840,2021-01-01,21.810250817884405
171845,2021-01-01,29.133284777858705
171850,2021-01-01,31.89792663476874
171855,2021-01-01,31.759474910014823
171865,2021-01-01,22.614201718679332
171870,2021-01-01,34.73428273706148
171875,2021-01-01,18.467220683287163
171880,2021-01-01,26.661197703035274
171884,2021-01-01,44.497181845149804
171886,2021-01-01,32.56056264652253
171888,2021-01-01,36.754311563471866
171889,2021-01-01,33.23639385126714
171890,2021-01-01,26.726973684210527
171900,2021-01-01,23.907103825136613
172000,2021-01-01,31.620553359683793
172010,2021-01-01,32.98515667949423
172015,2021-01-01,68.32298136645963
172020,2021-01-01,4.821213338690237
172025,2021-01-01,22.537025112685125
172030,2021-01-01,16.33319722335647
172049,2021-01-01,41.58004158004158
172065,2021-01-01,44.02054292002935
172080,2021-01-01,11.154489682097045
172085,2021-01-01,24.91280518186348
172090,2021-01-01,21.808322527407757
172093,2021-01-01,32.065964269354104
172097,2021-01-01,49.452490286117985
172100,2021-01-01,36.34924636746886
172110,2021-01-01,50.72840790842872
172120,2021-01-01,28.921998247151624
172125,2021-01-01,56.352459016393446
172130,2021-01-01,25.134649910233392
172208,2021-01-01,39.03929389798863
172210,2021-01-01,76.52173913043478
170025,2021-02-01,30.663089306247606
170030,2021-02-01,24.116896013618955
170035,2021-02-01,47.143126532151605
170040,2021-02-01,26.068066618392468
170070,2021-02-01,82.32907767569502
170100,2021-02-01,59.353471118177
170105,2021-02-01,28.77697841726619
170110,2021-02-01,53.05039787798408
170130,2021-02-01,29.798422436459244
170190,2021-02-01,60.91651668281878
170200,2021-02-01,43.95343311950582
170210,2021-02-01,44.83341834680125
170215,2021-02-01,22.199453551912566
170220,2021-02-01,26.79572362125065
170230,2021-02-01,59.180576631259484
170240,2021-02-01,53.323176537802325
170255,2021-02-01,36.56597774244833
170270,2021-02-01,26.25360987135731
170290,2021-02-01,32.596516247326065
170300,2021-02-01,26.246719160104988
170305,2021-02-01,27.540622418066647
170307,2021-02-01,42.79905842071474
170310,2021-02-01,35.279590756747226
170320,2021-02-01,40.54967334985357
170330,2021-02-01,42.96875
170360,2021-02-01,63.034669067987394
170370,2021-02-01,59.5667870036101
170380,2021-02-01,24.046719340432844
170382,2021-02-01,39.24989097252507
170384,2021-02-01,21.894336030461684
170386,2021-02-01,24.449877750611247
170388,2021-02-01,22.839741149600304
170389,2021-02-01,19.207683073229294
170390,2021-02-01,38.08487486398259
170410,2021-02-01,23.600809170600137
170460,2021-02-01,42.40282685512367
170510,2021-02-01,39.03903903903904
170550,2021-02-01,43.560971575087535
170555,2021-02-01,18.480492813141684
170560,2021-02-01,46.68304668304668
170600,2021-02-01,31.63444639718805
170610,2021-02-01,35.77325261419923
170625,2021-02-01,40.02287021154946
170650,2021-02-01,32.0
170700,2021-02-01,28.629316420014096
170710,2021-02-01,35.785857429144
170720,2021-02-01,48.79408894465356
170730,2021-02-01,34.14425949637217
170740,2021-02-01,20.390070921985814
170755,2021-02-01,73.22175732217573
170765,2021-02-01,22.97970126388357
170770,2021-02-01,21.36752136752137
170820,2021-02-01,34.862185423248725
170825,2021-02-01,38.24091778202677
170830,2021-02-01,29.205607476635514
170900,2021-02-01,26.577568532158857
170930,2021-02-01,38.2532287997576
170950,2021-02-01,41.05034604423938
170980,2021-02-01,23.946360153256702
171050,2021-02-01,41.49377593360996
171070,2021-02-01,31.02913290811929
171090,2021-02-01,44.572627163083375
171110,2021-02-01,49.75124378109452
171150,2021-02-01,30.721966205837173
171180,2021-02-01,32.19871205151794
171190,2021-02-01,42.89084280506112
171195,2021-02-01,44.742729306487696
171200,2021-02-01,59.393560487652394
171215,2021-02-01,40.32258064516129
171240,2021-02-01,18.781862087469815
171245,2021-02-01,43.75000000000001
171250,2021-02-01,52.51312828207052
171270,2021-02-01,36.062026685899745
171280,2021-02-01,8.645533141210375
171320,2021-02-01,73.74631268436578
171330,2021-02-01,39.111504686001034
171360,2021-02-01,30.554876558298705
171370,2021-02-01,17.308524448290783
171380,2021-02-01,20.497803806734993
171395,2021-02-01,33.12172232956114
171420,2021-02-01,36.73292999135696
171430,2021-02-01,37.11558854718982
171488,2021-02-01,33.2944897619444
171500,2021-02-01,22.999080036798528
171510,2021-02-01,44.943820224719104
171515,2021-02-01,38.59348198970841
171525,2021-02-01,32.51445086705203
171550,2021-02-01,53.38078291814947
171570,2021-02-01,27.269810715431507
171575,2021-02-01,40.29113595009098
171610,2021-02-01,40.174406427905026
171620,2021-02-01,38.365624400537115
171630,2021-02-01,38.89457523029683
171650,2021-02-01,56.57404755084503
171660,2021-02-01,37.51250416805602
171665,2021-02-01,21.637216011539852
171670,2021-02-01,23.52067343401832
171700,2021-02-01,33.98278205709108
171720,2021-02-01,46.08294930875576
171750,2021-02-01,43.42273307790549
171780,2021-02-01,30.527692978630615
171790,2021-02-01,36.62109375
171800,2021-02-01,53.12500000000001
171820,2021-02-01,69.75269499048827
171830,2021-02-01,26.859745416326053
171840,2021-02-01,40.894220283533265
171845,2021-02-01,50.98324836125273
171850,2021-02-01,22.784233310549098
171855,2021-02-01,33.87677323734914
171865,2021-02-01,27.137042062415194
171870,2021-02-01,38.207711010767625
171875,2021-02-01,21.545090797168356
171880,2021-02-01,10.25430680885972
171884,2021-02-01,47.46366063482646
171886,2021-02-01,31.25814014066163
171888,2021-02-01,48.06333050607859
171889,2021-02-01,29.081844619858742
171890,2021-02-01,16.44736842105263
171900,2021-02-01,105.8743169398907
172000,2021-02-01,35.573122529644266
172010,2021-02-01,20.157595748579805
172015,2021-02-01,24.84472049689441
172020,2021-02-01,4.017677782241864
172025,2021-02-01,19.31745009658725
172030,2021-02-01,22.45814618211515
172049,2021-02-01,41.58004158004158
172065,2021-02-01,25.678650036683784
172080,2021-02-01,12.269938650306749
172085,2021-02-01,44.84304932735426
172090,2021-02-01,36.54367558646705
172093,2021-02-01,22.904260192395785
172097,2021-02-01,31.790886612504416
172100,2021-02-01,37.65769158350593
172110,2021-02-01,50.72840790842872
172120,2021-02-01,69.23751095530237
172125,2021-02-01,61.47540983606557
172130,2021-02-01,14.36265709156194
172208,2021-02-01,33.947212085207504
172210,2021-02-01,57.391304347826086
170025,2021-03-01,19.164430816404753
170030,2021-03-01,26.954177897574127
170035,2021-03-01,43.371676409579486
170040,2021-03-01,46.34322954380883
170070,2021-03-01,56.07922682257487
170100,2021-03-01,67.83253842077372
170105,2021-03-01,23.02158273381295
170110,2021-03-01,40.80799836768007
170130,2021-03-01,15.775635407537248
170190,2021-03-01,83.06797729475286
170200,2021-03-01,42.765502494654314
170210,2021-03-01,56.53843056189427
170215,2021-03-01,49.52185792349727
170220,2021-03-01,34.72507040713094
170230,2021-03-01,78.90743550834597
170240,2021-03-01,62.845172348124166
170255,2021-03-01,33.38632750397456
170270,2021-03-01,10.501443948542926
170290,2021-03-01,24.44738718549455
170300,2021-03-01,28.121484814398197
170305,2021-03-01,68.85155604516662
170307,2021-03-01,49.21891718382195
170310,2021-03-01,51.15540659728347
170320,2021-03-01,42.802432980400994
170330,2021-03-01,15.625
170360,2021-03-01,27.014858171994597
170370,2021-03-01,28.880866425992778
170380,2021-03-01,24.046719340432844
170382,2021-03-01,13.083296990841692
170384,2021-03-01,42.83674440742504
170386,2021-03-01,33.34074238719716
170388,2021-03-01,15.226494099733538
170389,2021-03-01,24.009603841536613
170390,2021-03-01,30.830612985128766
170410,2021-03-01,43.830074173971674
170460,2021-03-01,63.60424028268552
170510,2021-03-01,48.048048048048045
170550,2021-03-01,69.20129028700615
170555,2021-03-01,41.06776180698152
170560,2021-03-01,22.113022113022115
170600,2021-03-01,36.90685413005272
170610,2021-03-01,41.27682993946065
170625,2021-03-01,28.58776443682104
170650,2021-03-01,38.4
170700,2021-03-01,28.629316420014096
170710,2021-03-01,64.4145433724592
170720,2021-03-01,22.30586923184163
170730,2021-03-01,44.81434058898848
170740,2021-03-01,17.73049645390071
170755,2021-03-01,28.76569037656904
170765,2021-03-01,34.469551895825354
170770,2021-03-01,35.98740440845704
170820,2021-03-01,52.83799978211134
170825,2021-03-01,53.53728489483747
170830,2021-03-01,25.31152647975078
170900,2021-03-01,31.133723137671804
170930,2021-03-01,35.98075976214824
170950,2021-03-01,36.18763287646447
170980,2021-03-01,33.524904214559385
171050,2021-03-01,33.4627225271048
171070,2021-03-01,20.68608860541286
171090,2021-03-01,47.194546407970634
171110,2021-03-01,49.75124378109452
171150,2021-03-01,20.48131080389145
171180,2021-03-01,50.597976080956755
171190,2021-03-01,26.44935306312102
171195,2021-03-01,24.608501118568235
171200,2021-03-01,65.64551422319475
171215,2021-03-01,10.080645161290322
171240,2021-03-01,29.514354708881136
171245,2021-03-01,25.0
171250,2021-03-01,26.25656414103526
171270,2021-03-01,21.637216011539852
171280,2021-03-01,17.29106628242075
171320,2021-03-01,81.12094395280236
171330,2021-03-01,53.8705630580769
171360,2021-03-01,45.221217306282085
171370,2021-03-01,64.90696668109044
171380,2021-03-01,16.105417276720353
171395,2021-03-01,22.081148219707426
171420,2021-03-01,35.65254969749352
171430,2021-03-01,31.81336161187699
171488,2021-03-01,39.121025470284664
171500,2021-03-01,39.098436062557504
171510,2021-03-01,29.213483146067414
171515,2021-03-01,4.288164665523156
171525,2021-03-01,25.289017341040463
171550,2021-03-01,44.48398576512456
171570,2021-03-01,20.85338466474174
171575,2021-03-01,42.8905640759033
171610,2021-03-01,48.171207707393236
171620,2021-03-01,43.16132745060426
171630,2021-03-01,40.941658137154555
171650,2021-03-01,64.45144657691206
171660,2021-03-01,45.01500500166723
171665,2021-03-01,37.86512802019474
171670,2021-03-01,32.18618469918297
171700,2021-03-01,27.18622564567286
171720,2021-03-01,39.49967083607637
171750,2021-03-01,84.2911877394636
171780,2021-03-01,28.347143480156998
171790,2021-03-01,24.4140625
171800,2021-03-01,31.25
171820,2021-03-01,55.391846021858335
171830,2021-03-01,23.356300362022655
171840,2021-03-01,29.989094874591057
171845,2021-03-01,21.849963583394025
171850,2021-03-01,36.45477329687856
171855,2021-03-01,31.759474910014823
171865,2021-03-01,40.70556309362279
171870,2021-03-01,65.9951372004168
171875,2021-03-01,29.239766081871345
171880,2021-03-01,32.81378178835111
171884,2021-03-01,53.39661821417977
171886,2021-03-01,36.46783016410524
171888,2021-03-01,28.272547356516824
171889,2021-03-01,12.463647694225177
171890,2021-03-01,32.89473684210526
171900,2021-03-01,75.13661202185791
172000,2021-03-01,27.66798418972332
172010,2021-03-01,20.157595748579805
172015,2021-03-01,31.05590062111801
172020,2021-03-01,4.017677782241864
172025,2021-03-01,38.6349001931745
172030,2021-03-01,12.249897917517355
172049,2021-03-01,41.58004158004158
172065,2021-03-01,44.02054292002935
172080,2021-03-01,13.385387618516454
172085,2021-03-01,19.930244145490782
172090,2021-03-01,51.279028645526346
172093,2021-03-01,27.485112230874943
172097,2021-03-01,24.726245143058993
172100,2021-03-01,44.10417776983491
172110,2021-03-01,76.7429760665973
172120,2021-03-01,75.81069237510955
172125,2021-03-01,51.229508196721305
172130,2021-03-01,3.590664272890485
172208,2021-03-01,31.40117117881694
172210,2021-03-01,67.82608695652173
170025,2021-04-01,38.328861632809506
170030,2021-04-01,25.535536955596537
170035,2021-04-01,35.828776164435226
170040,2021-04-01,31.860970311368575
170070,2021-04-01,69.20415224913495
170100,2021-04-01,49.81452040275569
170105,2021-04-01,8.633093525179856
170110,2021-04-01,57.13119771475209
170130,2021-04-01,29.798422436459244
170190,2021-04-01,69.22331441229406
170200,2021-04-01,33.26205749584224
170210,2021-04-01,50.63223173776477
170215,2021-04-01,40.98360655737705
170220,2021-04-01,30.07683263609767
170230,2021-04-01,34.901365705614566
170240,2021-04-01,43.80118072748048
170255,2021-04-01,31.266560678325384
170270,2021-04-01,42.005775794171704
170290,2021-04-01,23.42874605276561
170300,2021-04-01,26.246719160104988
170305,2021-04-01,55.081244836133294
170307,2021-04-01,40.65910549967901
170310,2021-04-01,31.7516316810725
170320,2021-04-01,40.54967334985357
170330,2021-04-01,42.96875
170360,2021-04-01,22.512381809995496
170370,2021-04-01,39.711191335740075
170380,2021-04-01,14.599793885262796
170382,2021-04-01,30.527692978630615
170384,2021-04-01,25.70204664445502
170386,2021-04-01,46.677039342076014
170388,2021-04-01,45.67948229920061
170389,2021-04-01,16.80672268907563
170390,2021-04-01,47.15270221254987
170410,2021-04-01,30.343897505057317
170460,2021-04-01,63.60424028268552
170510,2021-04-01,15.015015015015015
170550,2021-04-01,60.10311267955115
170555,2021-04-01,18.480492813141684
170560,2021-04-01,36.85503685503686
170600,2021-04-01,15.817223198594025
170610,2021-04-01,53.65987892129885
170625,2021-04-01,45.740423098913666
170650,2021-04-01,60.800000000000004
170700,2021-04-01,31.712473572938688
170710,2021-04-01,65.84597766962496
170720,2021-04-01,27.882336539802036
170730,2021-04-01,49.082373026035
170740,2021-04-01,12.411347517730498
170755,2021-04-01,52.30125523012552
170765,2021-04-01,22.97970126388357
170770,2021-04-01,19.118308591992804
170820,2021-04-01,50.114391545920036
170825,2021-04-01,61.185468451242826
170830,2021-04-01,21.417445482866043
170900,2021-04-01,22.780773027564734
170930,2021-04-01,37.87448396015604
170950,2021-04-01,37.20541005111503
170980,2021-04-01,67.04980842911877
171050,2021-04-01,44.170793735778346
171070,2021-04-01,8.619203585588691
171090,2021-04-01,39.32878867330886
171110,2021-04-01,49.75124378109452
171150,2021-04-01,12.800819252432156
171180,2021-04-01,41.39834406623735
171190,2021-04-01,30.738437343627137
171195,2021-04-01,35.79418344519016
171200,2021-04-01,50.01562988433885
171215,2021-04-01,35.28225806451613
171240,2021-04-01,26.83123155352831
171245,2021-04-01,28.125
171250,2021-04-01,37.50937734433608
171270,2021-04-01,39.66822935448972
171280,2021-04-01,11.527377521613833
171320,2021-04-01,65.80440208758793
171330,2021-04-01,51.65670430226551
171360,2021-04-01,41.55463211928624
171370,2021-04-01,77.88836001730853
171380,2021-04-01,23.42606149341142
171395,2021-04-01,24.841291747170853
171420,2021-04-01,45.37597234226448
171430,2021-04-01,47.720042417815485
171488,2021-04-01,49.10937239886798
171500,2021-04-01,22.999080036798528
171510,2021-04-01,8.98876404494382
171515,2021-04-01,38.59348198970841
171525,2021-04-01,21.67630057803468
171550,2021-04-01,80.0711743772242
171570,2021-04-01,16.041065126724416
171575,2021-04-01,45.48999220171562
171610,2021-04-01,57.120009139201464
171620,2021-04-01,52.75273355073853
171630,2021-04-01,57.31832139201637
171650,2021-04-01,74.47722715554283
171660,2021-04-01,49.18306102034011
171665,2021-04-01,32.45582401730977
171670,2021-04-01,34.66204506065858
171700,2021-04-01,43.044857272315355
171720,2021-04-01,46.08294930875576
171750,2021-04-01,34.48275862068965
171780,2021-04-01,23.98604448320977
171790,2021-04-01,37.841796875
171800,2021-04-01,15.625
171820,2021-04-01,66.58211794546607
171830,2021-04-01,23.356300362022655
171840,2021-04-01,32.715376226826606
171845,2021-04-01,50.98324836125273
171850,2021-04-01,38.733196627933474
171855,2021-04-01,44.46326487402075
171865,2021-04-01,13.568521031207597
171870,2021-04-01,27.78742618964918
171875,2021-04-01,27.700831024930746
171880,2021-04-01,18.457752255947497
171884,2021-04-01,68.22901216256304
171886,2021-04-01,26.048450117218025
171888,2021-04-01,73.50862312694373
171889,2021-04-01,12.463647694225177
171890,2021-04-01,41.118421052631575
171900,2021-04-01,40.98360655737705
172000,2021-04-01,35.573122529644266
172010,2021-04-01,18.32508704416346
172015,2021-04-01,18.633540372670808
172020,2021-04-01,4.017677782241864
172025,2021-04-01,25.756600128783
172030,2021-04-01,24.49979583503471
172049,2021-04-01,38.981288981288984
172065,2021-04-01,45.854732208363906
172080,2021-04-01,16.731734523145565
172085,2021-04-01,19.930244145490782
172090,2021-04-01,41.258988565366025
172093,2021-04-01,32.065964269354104
172097,2021-04-01,28.258565877781702
172100,2021-04-01,40.88093467667042
172110,2021-04-01,63.73569198751301
172120,2021-04-01,69.67572304995618
172125,2021-04-01,56.352459016393446
172130,2021-04-01,35.90664272890485
172208,2021-04-01,38.19061359585844
172210,2021-04-01,56.52173913043478
170025,2021-05-01,34.49597546952855
170030,2021-05-01,25.535536955596537
170035,2021-05-01,39.60022628700735
170040,2021-05-01,31.860970311368575
170070,2021-05-01,69.20415224913495
170100,2021-05-01,46.63487016428193
170105,2021-05-01,25.899280575539567
170110,2021-05-01,36.727198530912055
170130,2021-05-01,17.5284837861525
170190,2021-05-01,80.2990447182611
170200,2021-05-01,58.208600617723924
170210,2021-05-01,53.316867566914546
170215,2021-05-01,40.98360655737705
170220,2021-05-01,31.443961392283924
170230,2021-05-01,44.00606980273141
170240,2021-05-01,43.80118072748048
170255,2021-05-01,28.086910439851618
170270,2021-05-01,39.38041480703596
170290,2021-05-01,30.55923398186819
170300,2021-05-01,31.871016122984628
170305,2021-05-01,44.06499586890664
170307,2021-05-01,34.23924673657179
170310,2021-05-01,35.279590756747226
170320,2021-05-01,40.54967334985357
170330,2021-05-01,39.0625
170360,2021-05-01,45.02476361999099
170370,2021-05-01,45.12635379061372
170380,2021-05-01,14.599793885262796
170382,2021-05-01,17.444395987788923
170384,2021-05-01,18.086625416468348
170386,2021-05-01,28.895310068904198
170388,2021-05-01,57.099352874000765
170389,2021-05-01,16.80672268907563
170390,2021-05-01,29.017047515415307
170410,2021-05-01,37.0869858395145
170460,2021-05-01,98.93992932862191
170510,2021-05-01,24.024024024024023
170550,2021-05-01,79.9536820049075
170555,2021-05-01,39.01437371663244
170560,2021-05-01,54.054054054054056
170600,2021-05-01,38.66432337434095
170610,2021-05-01,44.028618602091356
170625,2021-05-01,51.45797598627788
170650,2021-05-01,84.8
170700,2021-05-01,29.510218463706835
170710,2021-05-01,81.59175493844832
170720,2021-05-01,36.247037501742646
170730,2021-05-01,32.01024327784891
170740,2021-05-01,10.638297872340425
170755,2021-05-01,49.68619246861925
170765,2021-05-01,36.38452700114899
170770,2021-05-01,20.242914979757085
170820,2021-05-01,39.76468024839307
170825,2021-05-01,57.361376673040155
170830,2021-05-01,33.099688473520246
170900,2021-05-01,34.93051864226593
170930,2021-05-01,34.844525243343554
170950,2021-05-01,33.13430135251278
170980,2021-05-01,23.946360153256702
171050,2021-05-01,28.108686922768037
171070,2021-05-01,8.619203585588691
171090,2021-05-01,39.32878867330886
171110,2021-05-01,41.459369817578775
171150,2021-05-01,7.680491551459293
171180,2021-05-01,13.799448022079117
171190,2021-05-01,27.164200443205374
171195,2021-05-01,42.50559284116331
171200,2021-05-01,46.88965301656768
171215,2021-05-01,25.201612903225804
171240,2021-05-01,24.148108398175474
171245,2021-05-01,15.625
171250,2021-05-01,28.132033008252062
171270,2021-05-01,39.66822935448972
171280,2021-05-01,2.881844380403458
171320,2021-05-01,74.31359201270706
171330,2021-05-01,53.8705630580769
171360,2021-05-01,31.777071620630654
171370,2021-05-01,47.598442232799655
171380,2021-05-01,24.890190336749633
171395,2021-05-01,49.682583494341706
171420,2021-05-01,48.617113223854794
171430,2021-05-01,45.06892895015907
171488,2021-05-01,46.61228566672216
171500,2021-05-01,25.298988040478378
171510,2021-05-01,31.46067415730337
171515,2021-05-01,38.59348198970841
171525,2021-05-01,36.127167630057805
171550,2021-05-01,35.587188612099645
171570,2021-05-01,32.08213025344883
171575,2021-05-01,35.092279698466335
171610,2021-05-01,50.45600807296129
171620,2021-05-01,24.93765586034913
171630,2021-05-01,47.08290685772774
171650,2021-05-01,58.00630191922085
171660,2021-05-01,30.010003334444814
171665,2021-05-01,37.86512802019474
171670,2021-05-01,51.99306759098787
171700,2021-05-01,29.451744449478934
171720,2021-05-01,32.91639236339697
171750,2021-05-01,25.54278416347382
171780,2021-05-01,30.527692978630615
171790,2021-05-01,35.400390625
171800,2021-05-01,31.25
171820,2021-05-01,71.05822671490917
171830,2021-05-01,28.027560434427187
171840,2021-05-01,35.44165757906216
171845,2021-05-01,36.41660597232338
171850,2021-05-01,31.89792663476874
171855,2021-05-01,33.87677323734914
171865,2021-05-01,18.091361374943464
171870,2021-05-01,45.15456755817993
171875,2021-05-01,24.622960911049553
171880,2021-05-01,26.661197703035274
171884,2021-05-01,65.26253337288638
171886,2021-05-01,42.97994269340974
171888,2021-05-01,25.445292620865143
171889,2021-05-01,20.77274615704196
171890,2021-05-01,55.50986842105263
171900,2021-05-01,27.3224043715847
172000,2021-05-01,39.52569169960474
172010,2021-05-01,38.48268279274326
172015,2021-05-01,43.47826086956522
172020,2021-05-01,5.62474889513861
172025,2021-05-01,19.31745009658725
172030,2021-05-01,10.208248264597795
172049,2021-05-01,41.58004158004158
172065,2021-05-01,44.02054292002935
172080,2021-05-01,13.385387618516454
172085,2021-05-01,9.965122072745391
172090,2021-05-01,51.279028645526346
172093,2021-05-01,36.646816307833255
172097,2021-05-01,7.064641469445426
172100,2021-05-01,40.43414850534069
172110,2021-05-01,70.23933402705515
172120,2021-05-01,51.27081507449605
172125,2021-05-01,76.84426229508196
172130,2021-05-01,21.543985637342907
172208,2021-05-01,33.947212085207504
172210,2021-05-01,73.04347826086956
170025,2021-06-01,45.994633959371406
170030,2021-06-01,34.04738260746205
170035,2021-06-01,37.71450122572129
170040,2021-06-01,47.79145546705286
170070,2021-06-01,57.27240186135306
170100,2021-06-01,27.55696873343932
170105,2021-06-01,14.388489208633095
170110,2021-06-01,59.171597633136095
170130,2021-06-01,24.539877300613497
170190,2021-06-01,94.14370760071992
170200,2021-06-01,47.51722499406035
170210,2021-06-01,53.853794732744504
170215,2021-06-01,39.275956284153004
170220,2021-06-01,27.069149372487903
170230,2021-06-01,62.2154779969651
170240,2021-06-01,66.65397067225291
170255,2021-06-01,41.33545310015898
170270,2021-06-01,31.504331845628773
170290,2021-06-01,40.74564530915759
170300,2021-06-01,33.74578177727784
170305,2021-06-01,46.8190581107133
170307,2021-06-01,53.49882302589343
170310,2021-06-01,63.503263362145
170320,2021-06-01,42.802432980400994
170330,2021-06-01,56.640625
170360,2021-06-01,27.014858171994597
170370,2021-06-01,52.34657039711191
170380,2021-06-01,22.329096530401923
170382,2021-06-01,4.361098996947231
170384,2021-06-01,19.99048072346502
170386,2021-06-01,28.895310068904198
170388,2021-06-01,34.25961172440046
170389,2021-06-01,31.2124849939976
170390,2021-06-01,30.830612985128766
170410,2021-06-01,30.343897505057317
170460,2021-06-01,49.46996466431096
170510,2021-06-01,48.048048048048045
170550,2021-06-01,60.37881503129221
170555,2021-06-01,45.17453798767967
170560,2021-06-01,29.484029484029485
170600,2021-06-01,15.817223198594025
170610,2021-06-01,45.404512933406714
170625,2021-06-01,17.152658662092623
170650,2021-06-01,68.8
170700,2021-06-01,33.47427766032417
170710,2021-06-01,93.04322931577441
170720,2021-06-01,20.91175240485153
170730,2021-06-01,19.206145966709347
170740,2021-06-01,14.184397163120568
170755,2021-06-01,18.305439330543933
170765,2021-06-01,47.874377633090766
170770,2021-06-01,23.616734143049936
170820,2021-06-01,45.756618368013946
170825,2021-06-01,80.30592734225621
170830,2021-06-01,40.88785046728972
170900,2021-06-01,47.08026425696712
170930,2021-06-01,46.20687043139038
170950,2021-06-01,35.73528746550866
170980,2021-06-01,33.524904214559385
171050,2021-06-01,34.801231428189
171070,2021-06-01,29.30529219100155
171090,2021-06-01,68.16990036706869
171110,2021-06-01,53.8971807628524
171150,2021-06-01,12.800819252432156
171180,2021-06-01,27.598896044158234
171190,2021-06-01,33.59782686396454
171195,2021-06-01,15.659955257270694
171200,2021-06-01,62.51953735542357
171215,2021-06-01,20.161290322580644
171240,2021-06-01,18.781862087469815
171245,2021-06-01,18.75
171250,2021-06-01,45.0112528132033
171270,2021-06-01,21.637216011539852
171280,2021-06-01,17.29106628242075
171320,2021-06-01,70.34263671431813
171330,2021-06-01,43.539222197623786
171360,2021-06-01,31.777071620630654
171370,2021-06-01,73.56122890523582
171380,2021-06-01,33.674963396778914
171395,2021-06-01,19.321004692243996
171420,2021-06-01,38.89369057908384
171430,2021-06-01,31.81336161187699
171488,2021-06-01,27.46795405360413
171500,2021-06-01,29.898804047838087
171510,2021-06-01,49.43820224719101
171515,2021-06-01,34.305317324185246
171525,2021-06-01,21.67630057803468
171550,2021-06-01,26.690391459074736
171570,2021-06-01,19.249278152069298
171575,2021-06-01,54.58799064205874
171610,2021-06-01,48.36160773785724
171620,2021-06-01,42.202186840590834
171630,2021-06-01,53.22415557830092
171650,2021-06-01,80.92237181323402
171660,2021-06-01,46.68222740913638
171665,2021-06-01,39.66822935448972
171670,2021-06-01,51.99306759098787
171700,2021-06-01,47.575894879927496
171720,2021-06-01,29.624753127057275
171750,2021-06-01,75.35121328224777
171780,2021-06-01,15.263846489315307
171790,2021-06-01,31.73828125
171800,2021-06-01,56.25
171820,2021-06-01,72.92327203551046
171830,2021-06-01,29.195375452528317
171840,2021-06-01,19.083969465648853
171845,2021-06-01,36.41660597232338
171850,2021-06-01,29.61950330371383
171855,2021-06-01,57.16705483802668
171865,2021-06-01,36.18272274988693
171870,2021-06-01,76.41542202153525
171875,2021-06-01,27.700831024930746
171880,2021-06-01,26.661197703035274
171884,2021-06-01,56.363097003856424
171886,2021-06-01,31.25814014066163
171888,2021-06-01,36.754311563471866
171889,2021-06-01,20.77274615704196
171890,2021-06-01,51.39802631578948
171900,2021-06-01,40.98360655737705
172000,2021-06-01,19.76284584980237
172010,2021-06-01,21.990104452996153
172015,2021-06-01,62.11180124223602
172020,2021-06-01,5.62474889513861
172025,2021-06-01,9.658725048293626
172030,2021-06-01,44.9162923642303
172049,2021-06-01,41.58004158004158
172065,2021-06-01,34.84959647835657
172080,2021-06-01,23.424428332403792
172085,2021-06-01,19.930244145490782
172090,2021-06-01,45.384887421902626
172093,2021-06-01,36.646816307833255
172097,2021-06-01,17.661603673613563
172100,2021-06-01,46.7848947978133
172110,2021-06-01,113.1633714880333
172120,2021-06-01,48.64154250657319
172125,2021-06-01,40.98360655737705
172130,2021-06-01,57.45062836624776
172208,2021-06-01,46.67741661716031
172210,2021-06-01,72.17391304347825
170025,2021-07-01,22.997316979685703
170030,2021-07-01,45.39651014328273
170035,2021-07-01,69.77182726758438
170040,2021-07-01,41.99855177407676
170070,2021-07-01,75.17002744302589
170100,2021-07-01,44.515103338632755
170105,2021-07-01,34.53237410071942
170110,2021-07-01,51.00999795960008
170130,2021-07-01,45.57405784399649
170190,2021-07-01,44.3029212238682
170200,2021-07-01,32.07412687099074
170210,2021-07-01,48.69929394077693
170215,2021-07-01,47.814207650273225
170220,2021-07-01,22.147485850217375
170230,2021-07-01,37.93626707132018
170240,2021-07-01,53.323176537802325
170255,2021-07-01,30.73661897191309
170270,2021-07-01,18.37752690995012
170290,2021-07-01,34.63379851278395
170300,2021-07-01,31.871016122984628
170305,2021-07-01,24.786560176259982
170307,2021-07-01,40.65910549967901
170310,2021-07-01,56.447345210795554
170320,2021-07-01,49.56071187204325
170330,2021-07-01,35.15625
170360,2021-07-01,45.02476361999099
170370,2021-07-01,46.931407942238266
170380,2021-07-01,25.764342150463758
170382,2021-07-01,26.166593981683384
170384,2021-07-01,14.278914802475011
170386,2021-07-01,35.56345854634363
170388,2021-07-01,30.452988199467075
170389,2021-07-01,28.811524609843936
170390,2021-07-01,52.59339862169025
170410,2021-07-01,26.972353337828725
170460,2021-07-01,49.46996466431096
170510,2021-07-01,39.03903903903904
170550,2021-07-01,45.76659038901602
170555,2021-07-01,41.06776180698152
170560,2021-07-01,36.85503685503686
170600,2021-07-01,26.362038664323375
170610,2021-07-01,52.28398458998349
170625,2021-07-01,34.305317324185246
170650,2021-07-01,67.2
170700,2021-07-01,36.1169837914024
170710,2021-07-01,101.63183509876897
170720,2021-07-01,34.852920674752546
170730,2021-07-01,53.350405463081515
170740,2021-07-01,19.50354609929078
170755,2021-07-01,39.22594142259414
170765,2021-07-01,36.38452700114899
170770,2021-07-01,25.865946918578498
170820,2021-07-01,52.29327813487308
170825,2021-07-01,61.185468451242826
170830,2021-07-01,31.15264797507788
170900,2021-07-01,44.042827853291826
170930,2021-07-01,43.934401393781016
170950,2021-07-01,43.65133215723526
170980,2021-07-01,33.524904214559385
171050,2021-07-01,32.12421362602061
171070,2021-07-01,13.790725736941907
171090,2021-07-01,52.43838489774515
171110,2021-07-01,62.18905472636816
171150,2021-07-01,35.842293906810035
171180,2021-07-01,9.19963201471941
171190,2021-07-01,35.02752162413324
171195,2021-07-01,38.03131991051454
171200,2021-07-01,43.7636761487965
171215,2021-07-01,35.28225806451613
171240,2021-07-01,16.098738932116984
171245,2021-07-01,25.0
171250,2021-07-01,28.132033008252062
171270,2021-07-01,10.818608005769926
171280,2021-07-01,11.527377521613833
171320,2021-07-01,70.34263671431813
171330,2021-07-01,38.373551767397245
171360,2021-07-01,25.66609630897091
171370,2021-07-01,51.925573344872355
171380,2021-07-01,24.890190336749633
171395,2021-07-01,16.56086116478057
171420,2021-07-01,34.57216940363008
171430,2021-07-01,37.11558854718982
171488,2021-07-01,27.46795405360413
171500,2021-07-01,34.49862005519779
171510,2021-07-01,49.43820224719101
171515,2021-07-01,21.44082332761578
171525,2021-07-01,65.02890173410405
171550,2021-07-01,80.0711743772242
171570,2021-07-01,19.249278152069298
171575,2021-07-01,57.187418767871065
171610,2021-07-01,50.8368081338893
171620,2021-07-01,36.44734318051026
171630,2021-07-01,36.8474923234391
171650,2021-07-01,54.42566599828129
171660,2021-07-01,59.18639546515505
171665,2021-07-01,43.274432023079704
171670,2021-07-01,56.9447883139391
171700,2021-07-01,36.248300860897146
171720,2021-07-01,49.37458854509546
171750,2021-07-01,54.91698595146871
171780,2021-07-01,19.624945486262536
171790,2021-07-01,30.517578125
171800,2021-07-01,50.0
171820,2021-07-01,73.48278563169085
171830,2021-07-01,17.517225271516992
171840,2021-07-01,38.167938931297705
171845,2021-07-01,36.41660597232338
171850,2021-07-01,43.29004329004329
171855,2021-07-01,40.22866821935211
171865,2021-07-01,27.137042062415194
171870,2021-07-01,55.57485237929836
171875,2021-07-01,29.239766081871345
171880,2021-07-01,32.81378178835111
171884,2021-07-01,41.53070305547315
171886,2021-07-01,42.97994269340974
171888,2021-07-01,19.790783149561776
171889,2021-07-01,24.927295388450354
171890,2021-07-01,30.838815789473685
171900,2021-07-01,44.39890710382513
172000,2021-07-01,27.66798418972332
172010,2021-07-01,38.48268279274326
172015,2021-07-01,43.47826086956522
172020,2021-07-01,9.642426677380474
172025,2021-07-01,6.43915003219575
172030,2021-07-01,18.37484687627603
172049,2021-07-01,18.191268191268193
172065,2021-07-01,51.35730007336757
172080,2021-07-01,21.193530395984382
172085,2021-07-01,9.965122072745391
172090,2021-07-01,57.762583991512436
172093,2021-07-01,59.55107650022904
172097,2021-07-01,31.790886612504416
172100,2021-07-01,42.44468627632448
172110,2021-07-01,65.03642039542143
172120,2021-07-01,53.023663453111304
172125,2021-07-01,61.47540983606557
172130,2021-07-01,46.6786355475763
172208,2021-07-01,40.736654502249
172210,2021-07-01,77.3913043478261
170025,2021-08-01,57.49329244921426
170030,2021-08-01,26.954177897574127
170035,2021-08-01,28.28587591929097
170040,2021-08-01,26.068066618392468
170070,2021-08-01,88.29495286958597
170100,2021-08-01,38.15580286168522
170105,2021-08-01,37.410071942446045
170110,2021-08-01,24.48479902060804
170130,2021-08-01,26.29272567922875
170190,2021-08-01,81.68351100650699
170200,2021-08-01,66.52411499168448
170210,2021-08-01,44.61864748046928
170215,2021-08-01,30.737704918032787
170220,2021-08-01,36.0921991633172
170230,2021-08-01,54.62822458270106
170240,2021-08-01,78.08036564463912
170255,2021-08-01,31.796502384737682
170270,2021-08-01,28.87897085849304
170290,2021-08-01,37.68972191097076
170300,2021-08-01,26.246719160104988
170305,2021-08-01,57.835307077939966
170307,2021-08-01,34.23924673657179
170310,2021-08-01,51.15540659728347
170320,2021-08-01,56.31899076368551
170330,2021-08-01,66.40625
170360,2021-08-01,22.512381809995496
170370,2021-08-01,30.685920577617328
170380,2021-08-01,31.77602198557197
170382,2021-08-01,39.24989097252507
170384,2021-08-01,27.60590195145169
170386,2021-08-01,33.34074238719716
170388,2021-08-01,57.099352874000765
170389,2021-08-01,45.61824729891957
170390,2021-08-01,41.712005803409504
170410,2021-08-01,40.45853000674309
170460,2021-08-01,28.268551236749115
170510,2021-08-01,36.03603603603604
170550,2021-08-01,49.90212566513192
170555,2021-08-01,49.281314168377826
170560,2021-08-01,71.25307125307125
170600,2021-08-01,35.1493848857645
170610,2021-08-01,56.41166758392956
170625,2021-08-01,34.305317324185246
170650,2021-08-01,57.6
170700,2021-08-01,35.236081747709655
170710,2021-08-01,104.49470369310049
170720,2021-08-01,27.882336539802036
170730,2021-08-01,29.87622705932565
170740,2021-08-01,23.04964539007092
170755,2021-08-01,26.15062761506276
170765,2021-08-01,36.38452700114899
170770,2021-08-01,32.613585245164195
170820,2021-08-01,55.01688637106439
170825,2021-08-01,68.83365200764818
170830,2021-08-01,25.31152647975078
170900,2021-08-01,35.68987774318475
170930,2021-08-01,52.266787865015345
170950,2021-08-01,40.48491428054462
170980,2021-08-01,43.10344827586207
171050,2021-08-01,26.770178021683844
171070,2021-08-01,17.238407171177382
171090,2021-08-01,44.572627163083375
171110,2021-08-01,29.02155887230514
171150,2021-08-01,40.9626216077829
171180,2021-08-01,50.597976080956755
171190,2021-08-01,45.75023232539853
171195,2021-08-01,33.557046979865774
171200,2021-08-01,65.64551422319475
171215,2021-08-01,15.120967741935484
171240,2021-08-01,37.56372417493963
171245,2021-08-01,25.0
171250,2021-08-01,35.63390847711928
171270,2021-08-01,36.062026685899745
171280,2021-08-01,37.46397694524495
171320,2021-08-01,66.3716814159292
171330,2021-08-01,32.469928418566894
171360,2021-08-01,24.443901246638962
171370,2021-08-01,69.23409779316313
171380,2021-08-01,16.105417276720353
171395,2021-08-01,22.081148219707426
171420,2021-08-01,46.45635263612792
171430,2021-08-01,31.81336161187699
171488,2021-08-01,30.79740302979857
171500,2021-08-01,34.49862005519779
171510,2021-08-01,71.91011235955057
171515,2021-08-01,38.59348198970841
171525,2021-08-01,43.35260115606936
171550,2021-08-01,71.17437722419929
171570,2021-08-01,28.873917228103945
171575,2021-08-01,27.29399532102937
171610,2021-08-01,55.40640886502542
171620,2021-08-01,34.5290619604834
171630,2021-08-01,51.1770726714432
171650,2021-08-01,50.84503007734173
171660,2021-08-01,42.51417139046349
171665,2021-08-01,37.86512802019474
171670,2021-08-01,45.80341668729884
171700,2021-08-01,52.10693248753965
171720,2021-08-01,42.79131007241606
171750,2021-08-01,49.80842911877395
171780,2021-08-01,23.98604448320977
171790,2021-08-01,37.841796875
171800,2021-08-01,34.375
171820,2021-08-01,57.629900406579885
171830,2021-08-01,26.859745416326053
171840,2021-08-01,38.167938931297705
171845,2021-08-01,25.491624180626363
171850,2021-08-01,29.61950330371383
171855,2021-08-01,33.87677323734914
171865,2021-08-01,49.75124378109452
171870,2021-08-01,52.10142410559222
171875,2021-08-01,24.622960911049553
171880,2021-08-01,43.06808859721083
171884,2021-08-01,47.46366063482646
171886,2021-08-01,44.28236519927064
171888,2021-08-01,48.06333050607859
171889,2021-08-01,33.23639385126714
171890,2021-08-01,51.39802631578948
171900,2021-08-01,34.15300546448087
172000,2021-08-01,35.573122529644266
172010,2021-08-01,29.320139270661535
172015,2021-08-01,49.68944099378882
172020,2021-08-01,11.24949779027722
172025,2021-08-01,19.31745009658725
172030,2021-08-01,24.49979583503471
172049,2021-08-01,54.57380457380458
172065,2021-08-01,27.51283932501834
172080,2021-08-01,16.731734523145565
172085,2021-08-01,54.80817140009965
172090,2021-08-01,40.669574443003654
172093,2021-08-01,41.22766834631242
172097,2021-08-01,7.064641469445426
172100,2021-08-01,43.21060542717545
172110,2021-08-01,66.33714880332987
172120,2021-08-01,61.34969325153374
172125,2021-08-01,30.737704918032787
172130,2021-08-01,21.543985637342907
172208,2021-08-01,39.88797420011882
172210,2021-08-01,78.26086956521739
170025,2021-09-01,38.328861632809506
170030,2021-09-01,31.21010072350688
170035,2021-09-01,39.60022628700735
170040,2021-09-01,26.068066618392468
170070,2021-09-01,63.238277055244005
170100,2021-09-01,47.69475357710652
170105,2021-09-01,25.899280575539567
170110,2021-09-01,36.727198530912055
170130,2021-09-01,54.33829973707274
170190,2021-09-01,49.840786376851725
170200,2021-09-01,51.081016868614874
170210,2021-09-01,46.014658111627156
170215,2021-09-01,64.89071038251366
170220,2021-09-01,35.271921909605446
170230,2021-09-01,95.59939301972686
170240,2021-09-01,75.22376690154256
170255,2021-09-01,32.32644409114997
170270,2021-09-01,28.87897085849304
170290,2021-09-01,45.838850972802284
170300,2021-09-01,32.808398950131235
170305,2021-09-01,52.32718259432663
170307,2021-09-01,29.959340894500322
170310,2021-09-01,58.21132474863292
170320,2021-09-01,51.81347150259067
170330,2021-09-01,37.109375
170360,2021-09-01,58.532192705988294
170370,2021-09-01,43.32129963898917
170380,2021-09-01,25.764342150463758
170382,2021-09-01,43.61098996947231
170384,2021-09-01,24.750118990956686
170386,2021-09-01,24.449877750611247
170388,2021-09-01,11.419870574800152
170389,2021-09-01,31.2124849939976
170390,2021-09-01,56.220529561117154
170410,2021-09-01,33.715441672285905
170460,2021-09-01,28.268551236749115
170510,2021-09-01,18.01801801801802
170550,2021-09-01,49.62642331339086
170555,2021-09-01,41.06776180698152
170560,2021-09-01,34.3980343980344
170600,2021-09-01,28.119507908611602
170610,2021-09-01,44.028618602091356
170625,2021-09-01,22.870211549456833
170650,2021-09-01,44.8
170700,2021-09-01,29.510218463706835
170710,2021-09-01,70.14028056112224
170720,2021-09-01,22.30586923184163
170730,2021-09-01,40.54630815194195
170740,2021-09-01,15.957446808510637
170755,2021-09-01,39.22594142259414
170765,2021-09-01,30.639601685178093
170770,2021-09-01,32.613585245164195
170820,2021-09-01,34.862185423248725
170825,2021-09-01,42.06500956022944
170830,2021-09-01,23.36448598130841
170900,2021-09-01,37.967955045941224
170930,2021-09-01,42.79816687497633
170950,2021-09-01,37.770841814809785
170980,2021-09-01,43.10344827586207
171050,2021-09-01,37.47824923035738
171070,2021-09-01,27.581451473883813
171090,2021-09-01,39.32878867330886
171110,2021-09-01,37.3134328358209
171150,2021-09-01,33.2821300563236
171180,2021-09-01,45.998160073597056
171190,2021-09-01,33.59782686396454
171195,2021-09-01,49.21700223713647
171200,2021-09-01,34.38574554548296
171215,2021-09-01,15.120967741935484
171240,2021-09-01,34.8806010195868
171245,2021-09-01,25.0
171250,2021-09-01,26.25656414103526
171270,2021-09-01,32.45582401730977
171280,2021-09-01,11.527377521613833
171320,2021-09-01,74.88087134104833
171330,2021-09-01,54.608515976680685
171360,2021-09-01,29.332681495966757
171370,2021-09-01,56.25270445694505
171380,2021-09-01,20.497803806734993
171395,2021-09-01,49.682583494341706
171420,2021-09-01,39.97407087294727
171430,2021-09-01,47.720042417815485
171488,2021-09-01,40.785749958381885
171500,2021-09-01,29.898804047838087
171510,2021-09-01,56.17977528089887
171515,2021-09-01,55.74614065180103
171525,2021-09-01,36.127167630057805
171550,2021-09-01,35.587188612099645
171570,2021-09-01,12.832852101379531
171575,2021-09-01,20.79542500649857
171610,2021-09-01,49.123207859713254
171620,2021-09-01,39.32476501055055
171630,2021-09-01,55.271238485158655
171650,2021-09-01,52.993411629905474
171660,2021-09-01,39.17972657552517
171665,2021-09-01,36.062026685899745
171670,2021-09-01,48.279277048774446
171700,2021-09-01,36.248300860897146
171720,2021-09-01,49.37458854509546
171750,2021-09-01,72.79693486590038
171780,2021-09-01,30.527692978630615
171790,2021-09-01,48.828125
171800,2021-09-01,25.0
171820,2021-09-01,62.47901824014324
171830,2021-09-01,24.52411538012379
171840,2021-09-01,29.989094874591057
171845,2021-09-01,18.20830298616169
171850,2021-09-01,27.34107997265892
171855,2021-09-01,25.407579928011856
171865,2021-09-01,67.84260515603799
171870,2021-09-01,55.57485237929836
171875,2021-09-01,30.778701138811943
171880,2021-09-01,32.81378178835111
171884,2021-09-01,44.497181845149804
171886,2021-09-01,32.56056264652253
171888,2021-09-01,50.890585241730285
171889,2021-09-01,29.081844619858742
171890,2021-09-01,49.34210526315789
171900,2021-09-01,64.89071038251366
172000,2021-09-01,27.66798418972332
172010,2021-09-01,32.98515667949423
172015,2021-09-01,49.68944099378882
172020,2021-09-01,6.428284451586983
172025,2021-09-01,19.31745009658725
172030,2021-09-01,46.957942017149854
172049,2021-09-01,70.16632016632018
172065,2021-09-01,36.68378576669112
172080,2021-09-01,18.962632459564976
172085,2021-09-01,19.930244145490782
172090,2021-09-01,44.206059177177885
172093,2021-09-01,9.161704076958314
172097,2021-09-01,35.323207347227125
172100,2021-09-01,38.61509052206964
172110,2021-09-01,66.33714880332987
172120,2021-09-01,60.0350569675723
172125,2021-09-01,66.59836065573771
172130,2021-09-01,10.771992818671453
172208,2021-09-01,39.88797420011882
172210,2021-09-01,71.30434782608695
170025,2021-10-01,45.994633959371406
170030,2021-10-01,21.279614129663784
170035,2021-10-01,45.25740147086555
170040,2021-10-01,36.20564808110065
170070,2021-10-01,63.238277055244005
170100,2021-10-01,51.93428722840488
170105,2021-10-01,51.798561151079134
170110,2021-10-01,36.727198530912055
170130,2021-10-01,40.31551270815075
170190,2021-10-01,37.38058978263879
170200,2021-10-01,64.14825374198148
170210,2021-10-01,44.13541303122231
170215,2021-10-01,47.814207650273225
170220,2021-10-01,28.98312963114866
170230,2021-10-01,65.25037936267071
170240,2021-10-01,56.17977528089887
170255,2021-10-01,43.45521992580816
170270,2021-10-01,42.005775794171704
170290,2021-10-01,36.67108077824182
170300,2021-10-01,20.622422197225347
170305,2021-10-01,33.048746901679976
170307,2021-10-01,44.939011341750486
170310,2021-10-01,45.863467983771386
170320,2021-10-01,40.54967334985357
170330,2021-10-01,21.484375
170360,2021-10-01,63.034669067987394
170370,2021-10-01,43.32129963898917
170380,2021-10-01,30.058399175541048
170382,2021-10-01,52.33318796336677
170384,2021-10-01,26.653974297953354
170386,2021-10-01,40.00889086463659
170388,2021-10-01,49.48610582413399
170389,2021-10-01,40.81632653061225
170390,2021-10-01,47.15270221254987
170410,2021-10-01,40.45853000674309
170460,2021-10-01,49.46996466431096
170510,2021-10-01,48.048048048048045
170550,2021-10-01,44.663780982051776
170555,2021-10-01,80.08213552361396
170560,2021-10-01,85.995085995086
170600,2021-10-01,28.119507908611602
170610,2021-10-01,42.652724270776005
170625,2021-10-01,40.02287021154946
170650,2021-10-01,33.6
170700,2021-10-01,38.75968992248062
170710,2021-10-01,87.31749212711138
170720,2021-10-01,23.69998605883173
170730,2021-10-01,51.21638924455826
170740,2021-10-01,21.27659574468085
170755,2021-10-01,67.99163179916319
170765,2021-10-01,42.12945231711987
170770,2021-10-01,41.61043634727846
170820,2021-10-01,46.84606166249046
170825,2021-10-01,53.53728489483747
170830,2021-10-01,35.046728971962615
170900,2021-10-01,32.65244133950945
170930,2021-10-01,40.90444267696853
170950,2021-10-01,46.25231827023114
170980,2021-10-01,71.83908045977012
171050,2021-10-01,49.52482934011512
171070,2021-10-01,18.96224788829512
171090,2021-10-01,52.43838489774515
171110,2021-10-01,49.75124378109452
171150,2021-10-01,38.40245775729647
171180,2021-10-01,32.19871205151794
171190,2021-10-01,45.03538494531417
171195,2021-10-01,76.06263982102908
171200,2021-10-01,81.27539856205065
171215,2021-10-01,60.483870967741936
171240,2021-10-01,16.098738932116984
171245,2021-10-01,53.12500000000001
171250,2021-10-01,56.264066016504124
171270,2021-10-01,21.637216011539852
171280,2021-10-01,31.70028818443804
171320,2021-10-01,79.41910596777853
171330,2021-10-01,56.08442181388828
171360,2021-10-01,46.443412368614034
171370,2021-10-01,43.271311120726956
171380,2021-10-01,8.784773060029282
171395,2021-10-01,52.44272702180514
171420,2021-10-01,42.13483146067416
171430,2021-10-01,53.022269353128316
171488,2021-10-01,31.62976527384718
171500,2021-10-01,32.19871205151794
171510,2021-10-01,78.65168539325843
171515,2021-10-01,64.32246998284734
171525,2021-10-01,39.73988439306358
171550,2021-10-01,26.690391459074736
171570,2021-10-01,16.041065126724416
171575,2021-10-01,45.48999220171562
171610,2021-10-01,49.31360789017726
171620,2021-10-01,62.34413965087282
171630,2021-10-01,75.74206755373592
171650,2021-10-01,52.993411629905474
171660,2021-10-01,50.85028342780927
171665,2021-10-01,30.652722683014787
171670,2021-10-01,48.279277048774446
171700,2021-10-01,47.575894879927496
171720,2021-10-01,26.333113890717577
171750,2021-10-01,76.62835249042145
171780,2021-10-01,15.263846489315307
171790,2021-10-01,47.607421875
171800,2021-10-01,37.5
171820,2021-10-01,75.90734454847252
171830,2021-10-01,17.517225271516992
171840,2021-10-01,51.79934569247546
171845,2021-10-01,43.69992716678805
171850,2021-10-01,36.45477329687856
171855,2021-10-01,35.994071564683466
171865,2021-10-01,54.27408412483039
171870,2021-10-01,62.52170892671066
171875,2021-10-01,20.00615574022776
171880,2021-10-01,43.06808859721083
171884,2021-10-01,62.29605458320973
171886,2021-10-01,35.165407658244334
171888,2021-10-01,45.236075770426915
171889,2021-10-01,16.61819692563357
171890,2021-10-01,65.78947368421052
171900,2021-10-01,51.229508196721305
172000,2021-10-01,35.573122529644266
172010,2021-10-01,27.487630566245187
172015,2021-10-01,49.68944099378882
172020,2021-10-01,3.2141422257934913
172025,2021-10-01,32.19575016097875
172030,2021-10-01,51.041241322988974
172049,2021-10-01,46.77754677754678
172065,2021-10-01,56.85986793837124
172080,2021-10-01,10.03904071388734
172085,2021-10-01,24.91280518186348
172090,2021-10-01,45.974301544264996
172093,2021-10-01,18.323408153916628
172097,2021-10-01,84.7756976333451
172100,2021-10-01,38.07256445688354
172110,2021-10-01,57.232049947970864
172120,2021-10-01,57.40578439964943
172125,2021-10-01,51.229508196721305
172130,2021-10-01,14.36265709156194
172208,2021-10-01,45.82873631503013
172210,2021-10-01,71.30434782608695
170025,2021-11-01,49.82752012265236
170030,2021-11-01,11.349127535820683
170035,2021-11-01,49.02885159343767
170040,2021-11-01,46.34322954380883
170070,2021-11-01,58.46557690013125
170100,2021-11-01,46.63487016428193
170105,2021-11-01,23.02158273381295
170110,2021-11-01,65.29279738828811
170130,2021-11-01,61.34969325153374
170190,2021-11-01,22.1514606119341
170200,2021-11-01,68.8999762413875
170210,2021-11-01,49.02145024027491
170215,2021-11-01,54.6448087431694
170220,2021-11-01,34.451644655893695
170230,2021-11-01,72.83763277693475
170240,2021-11-01,50.46657779470577
170255,2021-11-01,34.97615262321145
170270,2021-11-01,23.628248884221584
170290,2021-11-01,37.68972191097076
170300,2021-11-01,31.871016122984628
170305,2021-11-01,27.540622418066647
170307,2021-11-01,40.65910549967901
170310,2021-11-01,35.279590756747226
170320,2021-11-01,47.307952241495826
170330,2021-11-01,44.921875
170360,2021-11-01,40.5222872579919
170370,2021-11-01,32.49097472924188
170380,2021-11-01,18.03503950532463
170382,2021-11-01,30.527692978630615
170384,2021-11-01,26.653974297953354
170386,2021-11-01,46.677039342076014
170388,2021-11-01,79.93909402360106
170389,2021-11-01,38.41536614645859
170390,2021-11-01,41.712005803409504
170410,2021-11-01,20.229265003371545
170460,2021-11-01,28.268551236749115
170510,2021-11-01,27.027027027027028
170550,2021-11-01,62.03302914173858
170555,2021-11-01,30.800821355236142
170560,2021-11-01,56.51105651105651
170600,2021-11-01,17.57469244288225
170610,2021-11-01,15.134837644468904
170625,2021-11-01,17.152658662092623
170650,2021-11-01,38.4
170700,2021-11-01,36.99788583509513
170710,2021-11-01,104.49470369310049
170720,2021-11-01,22.30586923184163
170730,2021-11-01,46.948356807511736
170740,2021-11-01,23.04964539007092
170755,2021-11-01,47.07112970711297
170765,2021-11-01,36.38452700114899
170770,2021-11-01,38.23661718398561
170820,2021-11-01,45.211896720775684
170825,2021-11-01,15.296367112810707
170830,2021-11-01,21.417445482866043
170900,2021-11-01,34.1711595413471
170930,2021-11-01,32.57205620573419
170950,2021-11-01,37.20541005111503
170980,2021-11-01,43.10344827586207
171050,2021-11-01,56.21737384553607
171070,2021-11-01,15.514566454059645
171090,2021-11-01,41.95070791819612
171110,2021-11-01,37.3134328358209
171150,2021-11-01,46.08294930875576
171180,2021-11-01,41.39834406623735
171190,2021-11-01,46.46507970548288
171195,2021-11-01,44.742729306487696
171200,2021-11-01,59.393560487652394
171215,2021-11-01,45.362903225806456
171240,2021-11-01,29.514354708881136
171245,2021-11-01,46.875
171250,2021-11-01,52.51312828207052
171270,2021-11-01,28.8496213487198
171280,2021-11-01,28.81844380403458
171320,2021-11-01,66.93896074427049
171330,2021-11-01,42.0633163604162
171360,2021-11-01,45.221217306282085
171370,2021-11-01,51.925573344872355
171380,2021-11-01,29.282576866764277
171395,2021-11-01,38.64200938448799
171420,2021-11-01,41.05445116681072
171430,2021-11-01,50.3711558854719
171488,2021-11-01,47.44464791077077
171500,2021-11-01,39.098436062557504
171510,2021-11-01,33.70786516853933
171515,2021-11-01,30.01715265866209
171525,2021-11-01,36.127167630057805
171550,2021-11-01,35.587188612099645
171570,2021-11-01,19.249278152069298
171575,2021-11-01,42.8905640759033
171610,2021-11-01,41.316806610689056
171620,2021-11-01,36.44734318051026
171630,2021-11-01,30.706243602865914
171650,2021-11-01,57.29017473503294
171660,2021-11-01,39.17972657552517
171665,2021-11-01,34.25892535160476
171670,2021-11-01,32.18618469918297
171700,2021-11-01,58.90348889895787
171720,2021-11-01,42.79131007241606
171750,2021-11-01,112.3882503192848
171780,2021-11-01,21.805494984736153
171790,2021-11-01,30.517578125
171800,2021-11-01,43.75000000000001
171820,2021-11-01,57.256891342459625
171830,2021-11-01,21.02067032582039
171840,2021-11-01,40.894220283533265
171845,2021-11-01,14.566642388929353
171850,2021-11-01,34.17634996582365
171855,2021-11-01,38.111369892017784
171865,2021-11-01,40.70556309362279
171870,2021-11-01,20.840569642236886
171875,2021-11-01,32.31763619575254
171880,2021-11-01,43.06808859721083
171884,2021-11-01,50.43013942450311
171886,2021-11-01,42.97994269340974
171888,2021-11-01,25.445292620865143
171889,2021-11-01,58.163689239717485
171890,2021-11-01,43.174342105263165
171900,2021-11-01,27.3224043715847
172000,2021-11-01,23.715415019762847
172010,2021-11-01,31.15264797507788
172015,2021-11-01,68.32298136645963
172020,2021-11-01,4.017677782241864
172025,2021-11-01,12.8783000643915
172030,2021-11-01,22.45814618211515
172049,2021-11-01,44.178794178794185
172065,2021-11-01,42.18635363169479
172080,2021-11-01,22.30897936419409
172085,2021-11-01,24.91280518186348
172090,2021-11-01,54.226099257338205
172093,2021-11-01,59.55107650022904
172097,2021-11-01,49.452490286117985
172100,2021-11-01,34.2429687026287
172110,2021-11-01,76.7429760665973
172120,2021-11-01,57.84399649430325
172125,2021-11-01,46.10655737704918
172130,2021-11-01,35.90664272890485
172208,2021-11-01,40.736654502249
172210,2021-11-01,58.26086956521739
170025,2021-12-01,30.663089306247606
170030,2021-12-01,17.023691303731024
170035,2021-12-01,30.17160098057703
170040,2021-12-01,26.068066618392468
170070,2021-12-01,78.74955255936047
170100,2021-12-01,51.93428722840488
170105,2021-12-01,25.899280575539567
170110,2021-12-01,36.727198530912055
170130,2021-12-01,29.798422436459244
170190,2021-12-01,47.07185380035996
170200,2021-12-01,59.39653124257543
170210,2021-12-01,48.752986657359926
170215,2021-12-01,47.814207650273225
170220,2021-12-01,34.17821890465644
170230,2021-12-01,101.66919575113809
170240,2021-12-01,39.04018282231956
170255,2021-12-01,45.04504504504504
170270,2021-12-01,15.752165922814386
170290,2021-12-01,39.72700417642865
170300,2021-12-01,28.121484814398197
170305,2021-12-01,57.835307077939966
170307,2021-12-01,49.21891718382195
170310,2021-12-01,29.987652143235138
170320,2021-12-01,49.56071187204325
170330,2021-12-01,70.3125
170360,2021-12-01,63.034669067987394
170370,2021-12-01,46.931407942238266
170380,2021-12-01,30.058399175541048
170382,2021-12-01,30.527692978630615
170384,2021-12-01,28.557829604950022
170386,2021-12-01,33.34074238719716
170388,2021-12-01,38.066235249333836
170389,2021-12-01,28.811524609843936
170390,2021-12-01,36.27130939426913
170410,2021-12-01,50.573162508428865
170460,2021-12-01,49.46996466431096
170510,2021-12-01,42.04204204204204
170550,2021-12-01,53.210553886024655
170555,2021-12-01,24.640657084188913
170560,2021-12-01,49.140049140049136
170600,2021-12-01,31.63444639718805
170610,2021-12-01,33.02146395156852
170625,2021-12-01,5.717552887364208
170650,2021-12-01,47.99999999999999
170700,2021-12-01,49.770965468639886
170710,2021-12-01,55.825937589464644
170720,2021-12-01,15.33528509689112
170730,2021-12-01,59.7524541186513
170740,2021-12-01,21.27659574468085
170755,2021-12-01,36.61087866108787
170765,2021-12-01,51.70432784373803
170770,2021-12-01,38.23661718398561
170820,2021-12-01,45.211896720775684
170825,2021-12-01,49.7131931166348
170830,2021-12-01,25.31152647975078
170900,2021-12-01,36.44923684410358
170930,2021-12-01,41.66193235617165
170950,2021-12-01,37.09232369837608
170980,2021-12-01,33.524904214559385
171050,2021-12-01,40.15526703252577
171070,2021-12-01,8.619203585588691
171090,2021-12-01,36.706869428421605
171110,2021-12-01,16.58374792703151
171150,2021-12-01,23.04147465437788
171180,2021-12-01,13.799448022079117
171190,2021-12-01,29.30874258345843
171195,2021-12-01,38.03131991051454
171200,2021-12-01,43.7636761487965
171215,2021-12-01,15.120967741935484
171240,2021-12-01,24.148108398175474
171245,2021-12-01,40.625
171250,2021-12-01,24.381095273818456
171270,2021-12-01,21.637216011539852
171280,2021-12-01,34.5821325648415
171320,2021-12-01,68.6407987292943
171330,2021-12-01,36.897645930189654
171360,2021-12-01,36.665851869958445
171370,2021-12-01,43.271311120726956
171380,2021-12-01,24.890190336749633
171395,2021-12-01,35.881865857024565
171420,2021-12-01,49.697493517718236
171430,2021-12-01,45.06892895015907
171488,2021-12-01,29.13267854170135
171500,2021-12-01,22.999080036798528
171510,2021-12-01,47.19101123595505
171515,2021-12-01,4.288164665523156
171525,2021-12-01,36.127167630057805
171550,2021-12-01,53.38078291814947
171570,2021-12-01,16.041065126724416
171575,2021-12-01,33.79256563556017
171610,2021-12-01,40.36480645836903
171620,2021-12-01,39.32476501055055
171630,2021-12-01,38.89457523029683
171650,2021-12-01,80.92237181323402
171660,2021-12-01,40.84694898299433
171665,2021-12-01,34.25892535160476
171670,2021-12-01,39.61376578360981
171700,2021-12-01,36.248300860897146
171720,2021-12-01,36.20803159973667
171750,2021-12-01,66.41123882503193
171780,2021-12-01,10.902747492368077
171790,2021-12-01,36.62109375
171800,2021-12-01,25.0
171820,2021-12-01,74.60181282405162
171830,2021-12-01,21.02067032582039
171840,2021-12-01,38.167938931297705
171845,2021-12-01,69.19155134741442
171850,2021-12-01,36.45477329687856
171855,2021-12-01,44.46326487402075
171865,2021-12-01,18.091361374943464
171870,2021-12-01,34.73428273706148
171875,2021-12-01,24.622960911049553
171880,2021-12-01,24.61033634126333
171884,2021-12-01,53.39661821417977
171886,2021-12-01,32.56056264652253
171888,2021-12-01,62.19960418433701
171889,2021-12-01,45.70004154549232
171890,2021-12-01,61.67763157894737
171900,2021-12-01,75.13661202185791
172000,2021-12-01,51.383399209486164
172010,2021-12-01,40.31519149715961
172015,2021-12-01,49.68944099378882
172020,2021-12-01,8.838891120932102
172025,2021-12-01,3.219575016097875
172030,2021-12-01,24.49979583503471
172049,2021-12-01,36.38253638253639
172065,2021-12-01,53.191489361702125
172080,2021-12-01,17.84718349135527
172085,2021-12-01,59.79073243647235
172090,2021-12-01,34.775433219379934
172093,2021-12-01,22.904260192395785
172097,2021-12-01,38.85552808194984
172100,2021-12-01,38.20021764869203
172110,2021-12-01,65.03642039542143
172120,2021-12-01,53.023663453111304
172125,2021-12-01,51.229508196721305
172130,2021-12-01,14.36265709156194
172208,2021-12-01,42.434015106509385
172210,2021-12-01,59.1304347826087
170025,2022-01-01,53.313023610053314
170030,2022-01-01,27.385413663880083
170035,2022-01-01,37.97228023542814
170040,2022-01-01,33.70951194489228
170070,2022-01-01,56.87877710629221
170100,2022-01-01,66.25999158603281
170105,2022-01-01,46.51162790697674
170110,2022-01-01,22.1953188054883
170130,2022-01-01,58.324496288441146
170190,2022-01-01,51.61830357142857
170200,2022-01-01,63.29869819658426
170210,2022-01-01,54.00228778164986
170215,2022-01-01,45.084099185018204
170220,2022-01-01,32.80929596719071
170230,2022-01-01,103.37910816232063
170240,2022-01-01,42.918454935622314
170255,2022-01-01,46.37925582375883
170270,2022-01-01,13.178703215603585
170290,2022-01-01,47.38380885169876
170300,2022-01-01,30.73081724767118
170305,2022-01-01,35.59693318729463
170307,2022-01-01,29.774564015312635
170310,2022-01-01,48.08548530721282
170320,2022-01-01,54.249547920434
170330,2022-01-01,42.99394176275161
170360,2022-01-01,31.67420814479638
170370,2022-01-01,41.90198578976134
170380,2022-01-01,29.14702100300043
170382,2022-01-01,39.59524857017158
170384,2022-01-01,21.888085268366957
170386,2022-01-01,46.552870760363554
170388,2022-01-01,57.42725880551302
170389,2022-01-01,38.844379703811605
170390,2022-01-01,27.164070988772185
170410,2022-01-01,34.32887058015791
170460,2022-01-01,48.848569434752264
170510,2022-01-01,36.16636528028933
170550,2022-01-01,57.71334792122538
170555,2022-01-01,24.585125998770742
170560,2022-01-01,44.455421091627564
170600,2022-01-01,26.25590757920532
170610,2022-01-01,16.692168590902767
170625,2022-01-01,17.26121979286536
170650,2022-01-01,55.6527269836222
170700,2022-01-01,45.347441426221486
170710,2022-01-01,68.1044267877412
170720,2022-01-01,16.908552909680147
170730,2022-01-01,32.23033949290932
170740,2022-01-01,28.97500905469033
170755,2022-01-01,21.091484313208543
170765,2022-01-01,47.91107704101188
170770,2022-01-01,53.33635950975942
170820,2022-01-01,48.2829707589649
170825,2022-01-01,47.77655273796398
170830,2022-01-01,25.41544477028348
170900,2022-01-01,31.072375899962108
170930,2022-01-01,37.33031674208145
170950,2022-01-01,36.208732694355696
170980,2022-01-01,48.2392667631452
171050,2022-01-01,45.68664337543671
171070,2022-01-01,29.67877094972067
171090,2022-01-01,31.43006809848088
171110,2022-01-01,37.328909166321026
171150,2022-01-01,28.33590932509016
171180,2022-01-01,32.13957759412305
171190,2022-01-01,31.187192459629912
171195,2022-01-01,33.70786516853933
171200,2022-01-01,58.42558425584256
171215,2022-01-01,25.290844714213456
171240,2022-01-01,49.20721705850191
171245,2022-01-01,43.7636761487965
171250,2022-01-01,31.835205992509362
171270,2022-01-01,31.960227272727273
171280,2022-01-01,40.46242774566474
171320,2022-01-01,58.79666628610572
171330,2022-01-01,45.74632922600163
171360,2022-01-01,59.656972408650255
171370,2022-01-01,55.55555555555556
171380,2022-01-01,31.254650989730614
171395,2022-01-01,35.73391973611875
171420,2022-01-01,40.056295333982895
171430,2022-01-01,31.496062992125985
171488,2022-01-01,37.61912723624812
171500,2022-01-01,25.605214152700185
171510,2022-01-01,13.461969934933812
171515,2022-01-01,34.96503496503497
171525,2022-01-01,21.897810218978105
171550,2022-01-01,44.014084507042256
171570,2022-01-01,29.079159935379646
171575,2022-01-01,155.37276406841625
171610,2022-01-01,46.397174844090465
171620,2022-01-01,95.58401835213154
171630,2022-01-01,58.0070437124508
171650,2022-01-01,66.30925507900677
171660,2022-01-01,49.75124378109452
171665,2022-01-01,18.096272167933407
171670,2022-01-01,46.71748217359233
171700,2022-01-01,49.762497172585384
171720,2022-01-01,36.999663639421456
171750,2022-01-01,104.40539852304559
171780,2022-01-01,28.521281263712154
171790,2022-01-01,30.42102701387199
171800,2022-01-01,31.25
171820,2022-01-01,75.53253151717142
171830,2022-01-01,23.004370830457788
171840,2022-01-01,47.11751662971175
171845,2022-01-01,25.725836089672914
171850,2022-01-01,32.2506334945865
171855,2022-01-01,51.16179918993818
171865,2022-01-01,18.140589569160998
171870,2022-01-01,20.73971655720705
171875,2022-01-01,11.016682404784387
171880,2022-01-01,53.1588632181558
171884,2022-01-01,17.56440281030445
171886,2022-01-01,28.478964401294498
171888,2022-01-01,57.12653527563553
171889,2022-01-01,8.291873963515755
171890,2022-01-01,43.09460291401601
171900,2022-01-01,44.097693351424695
172000,2022-01-01,35.657686212361334
172010,2022-01-01,41.44144144144144
172015,2022-01-01,36.54080389768575
172020,2022-01-01,3.15059861373661
172025,2022-01-01,13.110455588331694
172030,2022-01-01,20.53809817210926
172049,2022-01-01,15.495867768595042
172065,2022-01-01,42.178617274894556
172080,2022-01-01,15.290519877675841
172085,2022-01-01,50.35246727089628
172090,2022-01-01,45.751633986928105
172093,2022-01-01,18.298261665141812
172097,2022-01-01,24.849130280440185
172100,2022-01-01,25.291098034305744
172110,2022-01-01,56.788848735157465
172120,2022-01-01,56.90274008579182
172125,2022-01-01,55.61172901921132
172130,2022-01-01,25.500910746812387
172208,2022-01-01,40.924204962059854
172210,2022-01-01,79.71268395234758
170025,2022-02-01,53.313023610053314
170030,2022-02-01,15.85471317382531
170035,2022-02-01,49.36396430605658
170040,2022-02-01,55.69397625677854
170070,2022-02-01,58.06375162933997
170100,2022-02-01,49.432057214976865
170105,2022-02-01,37.7906976744186
170110,2022-02-01,34.301856335754636
170130,2022-02-01,30.04595263343938
170190,2022-02-01,58.59375
170200,2022-02-01,40.606712050638954
170210,2022-02-01,49.85235827724721
170215,2022-02-01,43.350095370209814
170220,2022-02-01,29.52836637047163
170230,2022-02-01,243.78953865144268
170240,2022-02-01,42.918454935622314
170255,2022-02-01,40.581848845788976
170270,2022-02-01,18.45018450184502
170290,2022-02-01,35.28581510232887
170300,2022-02-01,35.5325074426198
170305,2022-02-01,71.19386637458926
170307,2022-02-01,27.6478094427903
170310,2022-02-01,39.18076580587711
170320,2022-02-01,56.50994575045208
170330,2022-02-01,41.03967168262654
170360,2022-02-01,40.72398190045249
170370,2022-02-01,30.97103297504099
170380,2022-02-01,20.57436776682383
170382,2022-02-01,17.597888253409593
170384,2022-02-01,24.743052912066997
170386,2022-02-01,37.68565728219907
170388,2022-02-01,38.28483920367535
170389,2022-02-01,24.277737314882252
170390,2022-02-01,27.164070988772185
170410,2022-02-01,20.597322348094746
170460,2022-02-01,41.870202372644805
170510,2022-02-01,30.138637733574445
170550,2022-02-01,48.96061269146608
170555,2022-02-01,40.97520999795124
170560,2022-02-01,66.68313163744133
170600,2022-02-01,38.50866444950114
170610,2022-02-01,18.083182640144663
170625,2022-02-01,69.04487917146145
170650,2022-02-01,52.47257115598664
170700,2022-02-01,51.57160005334993
170710,2022-02-01,75.19863791146425
170720,2022-02-01,18.317598985486825
170730,2022-02-01,51.56854318865492
170740,2022-02-01,19.9203187250996
170755,2022-02-01,26.364355391510678
170765,2022-02-01,45.994633959371406
170770,2022-02-01,28.37040399455288
170820,2022-02-01,43.400423154125754
170825,2022-02-01,55.12679162072767
170830,2022-02-01,31.28054740957967
170900,2022-02-01,25.7673361121637
170930,2022-02-01,41.10105580693816
170950,2022-02-01,39.34757020346394
170980,2022-02-01,14.47178002894356
171050,2022-02-01,38.968019349637196
171070,2022-02-01,10.474860335195531
171090,2022-02-01,36.66841278156103
171110,2022-02-01,41.476565740356705
171150,2022-02-01,28.33590932509016
171180,2022-02-01,32.13957759412305
171190,2022-02-01,29.801095016979694
171195,2022-02-01,31.46067415730337
171200,2022-02-01,33.82533825338253
171215,2022-02-01,40.46535154274153
171240,2022-02-01,16.402405686167302
171245,2022-02-01,21.88183807439825
171250,2022-02-01,28.089887640449437
171270,2022-02-01,35.51136363636363
171280,2022-02-01,17.341040462427745
171320,2022-02-01,73.63854321269551
171330,2022-02-01,44.27064118645318
171360,2022-02-01,32.31419338801889
171370,2022-02-01,51.282051282051285
171380,2022-02-01,19.348117279357048
171395,2022-02-01,32.98515667949423
171420,2022-02-01,64.95615459564794
171430,2022-02-01,36.74540682414698
171488,2022-02-01,38.45510784149808
171500,2022-02-01,34.91620111731844
171510,2022-02-01,53.84787973973525
171515,2022-02-01,52.44755244755245
171525,2022-02-01,65.69343065693431
171550,2022-02-01,8.80281690140845
171570,2022-02-01,30.694668820678512
171575,2022-02-01,70.50528789659225
171610,2022-02-01,37.944248253061836
171620,2022-02-01,48.74784935958707
171630,2022-02-01,113.94240729231406
171650,2022-02-01,44.441309255079005
171660,2022-02-01,31.1999325406864
171665,2022-02-01,34.38291711907347
171670,2022-02-01,30.73518564052127
171700,2022-02-01,49.762497172585384
171720,2022-02-01,36.999663639421456
171750,2022-02-01,77.66743060860708
171780,2022-02-01,21.93944712593243
171790,2022-02-01,29.204185933317106
171800,2022-02-01,28.125
171820,2022-02-01,61.04187798869729
171830,2022-02-01,32.2061191626409
171840,2022-02-01,27.71618625277162
171845,2022-02-01,36.751194413818446
171850,2022-02-01,29.94701681640175
171855,2022-02-01,31.97612449371136
171865,2022-02-01,49.88662131519274
171870,2022-02-01,34.566194262011756
171875,2022-02-01,40.919106074913444
171880,2022-02-01,53.1588632181558
171884,2022-02-01,55.62060889929742
171886,2022-02-01,33.65695792880259
171888,2022-02-01,48.5575549842902
171889,2022-02-01,33.16749585406302
171890,2022-02-01,67.72009029345372
171900,2022-02-01,88.19538670284939
172000,2022-02-01,31.695721077654518
172010,2022-02-01,27.027027027027028
172015,2022-02-01,48.721071863580995
172020,2022-02-01,4.725897920604915
172025,2022-02-01,16.38806948541462
172030,2022-02-01,18.484288354898336
172049,2022-02-01,38.739669421487605
172065,2022-02-01,45.84632312488539
172080,2022-02-01,26.212319790301443
172085,2022-02-01,80.56394763343404
172090,2022-02-01,38.027332144979205
172093,2022-02-01,32.02195791399817
172097,2022-02-01,10.649627263045794
172100,2022-02-01,31.019156128709152
172110,2022-02-01,49.0449148167269
172120,2022-02-01,48.14847238028539
172125,2022-02-01,50.55611729019211
172130,2022-02-01,14.571948998178506
172208,2022-02-01,28.13539091141615
172210,2022-02-01,65.69726699369306
170025,2022-03-01,34.27265803503427
170030,2022-03-01,24.502738541366387
170035,2022-03-01,55.0598063413708
170040,2022-03-01,38.106404807269534
170070,2022-03-01,69.91349685981751
170100,2022-03-01,70.4669751787968
170105,2022-03-01,37.7906976744186
170110,2022-03-01,30.26634382566586
170130,2022-03-01,33.5807705903146
170190,2022-03-01,59.98883928571429
170200,2022-03-01,59.715753015645525
170210,2022-03-01,49.74594982841638
170215,2022-03-01,31.212068666551065
170220,2022-03-01,23.51332877648667
170230,2022-03-01,97.20722110785373
170240,2022-03-01,63.90081068192656
170255,2022-03-01,30.041108885843787
170270,2022-03-01,18.45018450184502
170290,2022-03-01,36.29398124810969
170300,2022-03-01,28.81014116969173
170305,2022-03-01,49.28806133625411
170307,2022-03-01,40.408336877924285
170310,2022-03-01,33.83793410507569
170320,2022-03-01,51.98915009041591
170330,2022-03-01,39.08540160250147
170360,2022-03-01,31.67420814479638
170370,2022-03-01,41.90198578976134
170380,2022-03-01,9.429918559794256
170382,2022-03-01,26.396832380114386
170384,2022-03-01,33.30795584316711
170386,2022-03-01,55.42008423852805
170388,2022-03-01,49.77029096477794
170389,2022-03-01,21.849963583394025
170390,2022-03-01,19.9203187250996
170410,2022-03-01,48.06041881222108
170460,2022-03-01,27.913468248429865
170510,2022-03-01,36.16636528028933
170550,2022-03-01,45.13129102844639
170555,2022-03-01,32.780167998360994
170560,2022-03-01,24.697456162015314
170600,2022-03-01,26.25590757920532
170610,2022-03-01,27.820280984837947
170625,2022-03-01,57.53739930955121
170650,2022-03-01,31.801558276355543
170700,2022-03-01,33.34370693104521
170710,2022-03-01,59.59137343927355
170720,2022-03-01,26.771875440326898
170730,2022-03-01,42.97378599054577
170740,2022-03-01,15.392973560304236
170755,2022-03-01,52.728710783021356
170765,2022-03-01,53.660406285933306
170770,2022-03-01,24.965955515206538
170820,2022-03-01,47.74046546953833
170825,2022-03-01,47.77655273796398
170830,2022-03-01,33.235581622678396
170900,2022-03-01,37.13527851458886
170930,2022-03-01,54.29864253393665
170950,2022-03-01,48.3156773723446
170980,2022-03-01,53.06319343945972
171050,2022-03-01,47.03036818059662
171070,2022-03-01,19.20391061452514
171090,2022-03-01,23.572551073860662
171110,2022-03-01,20.738282870178352
171150,2022-03-01,20.607934054611025
171180,2022-03-01,27.548209366391184
171190,2022-03-01,21.484510361078385
171195,2022-03-01,35.95505617977528
171200,2022-03-01,49.20049200492005
171215,2022-03-01,30.349013657056148
171240,2022-03-01,19.136139967195188
171245,2022-03-01,15.629884338855893
171250,2022-03-01,29.962546816479403
171270,2022-03-01,35.51136363636363
171280,2022-03-01,14.45086705202312
171320,2022-03-01,97.61388286334056
171330,2022-03-01,35.41651294916255
171360,2022-03-01,33.557046979865774
171370,2022-03-01,38.46153846153847
171380,2022-03-01,25.30138413454383
171395,2022-03-01,38.48268279274326
171420,2022-03-01,51.964923676518346
171430,2022-03-01,41.99475065616798
171488,2022-03-01,38.45510784149808
171500,2022-03-01,32.588454376163874
171510,2022-03-01,35.898586493156834
171515,2022-03-01,43.70629370629371
171525,2022-03-01,40.14598540145985
171550,2022-03-01,52.816901408450704
171570,2022-03-01,17.77059773828756
171575,2022-03-01,50.92048570309439
171610,2022-03-01,46.96070328349238
171620,2022-03-01,32.49856623972472
171630,2022-03-01,64.22208411021339
171650,2022-03-01,50.08465011286682
171660,2022-03-01,59.02689940129859
171665,2022-03-01,32.57328990228013
171670,2022-03-01,38.11163019424637
171700,2022-03-01,47.50056548292241
171720,2022-03-01,47.09048099562731
171750,2022-03-01,101.85892538833716
171780,2022-03-01,24.133391838525668
171790,2022-03-01,27.98734485276223
171800,2022-03-01,43.75000000000001
171820,2022-03-01,63.57774235618026
171830,2022-03-01,26.455026455026452
171840,2022-03-01,36.031042128603104
171845,2022-03-01,29.400955531054763
171850,2022-03-01,6.91085003455425
171855,2022-03-01,38.37134939245364
171865,2022-03-01,54.42176870748299
171870,2022-03-01,44.93605254061528
171875,2022-03-01,56.657223796033996
171880,2022-03-01,30.66857493355142
171884,2022-03-01,38.05620608899297
171886,2022-03-01,64.72491909385114
171888,2022-03-01,37.1322479291631
171889,2022-03-01,45.60530679933665
171890,2022-03-01,34.8861071208701
171900,2022-03-01,50.8819538670285
172000,2022-03-01,47.543581616481774
172010,2022-03-01,27.027027027027028
172015,2022-03-01,36.54080389768575
172020,2022-03-01,3.938248267170762
172025,2022-03-01,19.665683382497544
172030,2022-03-01,22.59190798932019
172049,2022-03-01,67.14876033057851
172065,2022-03-01,51.34788189987162
172080,2022-03-01,15.290519877675841
172085,2022-03-01,65.45820745216515
172090,2022-03-01,36.8389780154486
172093,2022-03-01,59.469350411710884
172097,2022-03-01,21.299254526091588
172100,2022-03-01,28.577688744209343
172110,2022-03-01,89.05524006195147
172120,2022-03-01,64.3438676354723
172125,2022-03-01,50.55611729019211
172130,2022-03-01,21.85792349726776
172208,2022-03-01,34.956091738426124
172210,2022-03-01,79.71268395234758
170025,2022-04-01,45.6968773800457
170030,2022-04-01,41.798789276448545
170035,2022-04-01,45.56673628251376
170040,2022-04-01,35.17514289901803
170070,2022-04-01,71.09847138286527
170100,2022-04-01,54.69078670593185
170105,2022-04-01,69.76744186046511
170110,2022-04-01,36.31961259079903
170130,2022-04-01,47.720042417815485
170190,2022-04-01,57.19866071428571
170200,2022-04-01,56.132807834706796
170210,2022-04-01,52.93820329334149
170215,2022-04-01,32.94607248135946
170220,2022-04-01,34.99658236500341
170230,2022-04-01,124.9807128529548
170240,2022-04-01,47.68717215069146
170255,2022-04-01,43.21703383577527
170270,2022-04-01,34.26462836056932
170290,2022-04-01,48.39197499747958
170300,2022-04-01,26.889465091712285
170305,2022-04-01,49.28806133625411
170307,2022-04-01,51.04210974053594
170310,2022-04-01,30.27604630454141
170320,2022-04-01,81.374321880651
170330,2022-04-01,64.49091264412742
170360,2022-04-01,36.199095022624434
170370,2022-04-01,34.614683913281105
170380,2022-04-01,28.28975567938277
170382,2022-04-01,35.195776506819186
170384,2022-04-01,27.598020555767032
170386,2022-04-01,55.42008423852805
170388,2022-04-01,57.42725880551302
170389,2022-04-01,38.844379703811605
170390,2022-04-01,32.59688518652662
170410,2022-04-01,17.164435290078956
170460,2022-04-01,27.913468248429865
170510,2022-04-01,72.33273056057865
170550,2022-04-01,42.39606126914661
170555,2022-04-01,51.21901249743905
170560,2022-04-01,76.56211410224746
170600,2022-04-01,21.00472606336426
170610,2022-04-01,25.038252886354154
170625,2022-04-01,34.52243958573072
170650,2022-04-01,47.70233741453332
170700,2022-04-01,31.565375894722802
170710,2022-04-01,38.30874006810443
170720,2022-04-01,38.04424404678033
170730,2022-04-01,60.16330038676407
170740,2022-04-01,32.59688518652662
170755,2022-04-01,44.81940416556815
170765,2022-04-01,42.16174779609045
170770,2022-04-01,47.662278710848845
170820,2022-04-01,52.0805077849509
170825,2022-04-01,62.47703050349136
170830,2022-04-01,35.19061583577712
170900,2022-04-01,35.619552860932174
170930,2022-04-01,51.282051282051285
170950,2022-04-01,52.91183229639594
170980,2022-04-01,38.59141341051616
171050,2022-04-01,47.03036818059662
171070,2022-04-01,12.220670391061452
171090,2022-04-01,31.43006809848088
171110,2022-04-01,37.328909166321026
171150,2022-04-01,61.82380216383307
171180,2022-04-01,45.91368227731864
171190,2022-04-01,36.731582230230785
171195,2022-04-01,24.719101123595504
171200,2022-04-01,64.57564575645756
171215,2022-04-01,20.232675771370765
171240,2022-04-01,32.804811372334605
171245,2022-04-01,50.01562988433885
171250,2022-04-01,28.089887640449437
171270,2022-04-01,63.92045454545455
171280,2022-04-01,23.121387283236995
171320,2022-04-01,84.48453019751113
171330,2022-04-01,47.22201726555006
171360,2022-04-01,48.47129008202834
171370,2022-04-01,17.094017094017094
171380,2022-04-01,37.2079178449174
171395,2022-04-01,35.73391973611875
171420,2022-04-01,66.03875717224207
171430,2022-04-01,52.493438320209975
171488,2022-04-01,52.66677813074737
171500,2022-04-01,23.277467411545626
171510,2022-04-01,29.167601525689925
171515,2022-04-01,34.96503496503497
171525,2022-04-01,29.197080291970803
171550,2022-04-01,52.816901408450704
171570,2022-04-01,37.15670436187399
171575,2022-04-01,40.47525786656222
171610,2022-04-01,38.69561950559772
171620,2022-04-01,64.99713247944943
171630,2022-04-01,74.58048477315103
171650,2022-04-01,62.07674943566591
171660,2022-04-01,50.59448520111307
171665,2022-04-01,45.24068041983352
171670,2022-04-01,45.48807474797148
171700,2022-04-01,54.286360551911336
171720,2022-04-01,40.363269424823415
171750,2022-04-01,94.21950598421186
171780,2022-04-01,57.04256252742431
171790,2022-04-01,34.07155025553663
171800,2022-04-01,34.375
171820,2022-04-01,83.68352412693812
171830,2022-04-01,26.455026455026452
171840,2022-04-01,58.2039911308204
171845,2022-04-01,36.751194413818446
171850,2022-04-01,34.554250172771255
171855,2022-04-01,38.37134939245364
171865,2022-04-01,40.81632653061225
171870,2022-04-01,58.76253024541998
171875,2022-04-01,44.06672961913755
171880,2022-04-01,34.757718258024944
171884,2022-04-01,43.91100702576112
171886,2022-04-01,63.43042071197411
171888,2022-04-01,48.5575549842902
171889,2022-04-01,33.16749585406302
171890,2022-04-01,32.83398317258362
171900,2022-04-01,40.70556309362279
172000,2022-04-01,27.733755942947703
172010,2022-04-01,41.44144144144144
172015,2022-04-01,66.99147381242388
172020,2022-04-01,8.664146187775676
172025,2022-04-01,19.665683382497544
172030,2022-04-01,24.645717806531117
172049,2022-04-01,85.22727272727272
172065,2022-04-01,60.517146524848705
172080,2022-04-01,29.48885976408912
172085,2022-04-01,40.28197381671702
172090,2022-04-01,50.50505050505051
172093,2022-04-01,41.17108874656907
172097,2022-04-01,24.849130280440185
172100,2022-04-01,31.64517340678603
172110,2022-04-01,74.8580278781621
172120,2022-04-01,42.4581983717062
172125,2022-04-01,25.278058645096056
172130,2022-04-01,21.85792349726776
172208,2022-04-01,39.21902975530736
172210,2022-04-01,91.10021023125438
170025,2022-05-01,45.6968773800457
170030,2022-05-01,28.826751225136928
170035,2022-05-01,32.276438200113915
170040,2022-05-01,38.106404807269534
170070,2022-05-01,46.21400639886242
170100,2022-05-01,82.03618005889777
170105,2022-05-01,55.23255813953488
170110,2022-05-01,46.40839386602099
170130,2022-05-01,33.5807705903146
170190,2022-05-01,29.296875
170200,2022-05-01,57.3271228950197
170210,2022-05-01,52.14013992711021
170215,2022-05-01,46.8181029998266
170220,2022-05-01,37.730690362269314
170230,2022-05-01,112.636938744021
170240,2022-05-01,54.36337625178827
170255,2022-05-01,35.83851586381364
170270,2022-05-01,47.44333157617291
170290,2022-05-01,47.38380885169876
170300,2022-05-01,43.2152117545376
170305,2022-05-01,52.026286966046
170307,2022-05-01,34.028073160357295
170310,2022-05-01,62.33303650934996
170320,2022-05-01,70.07233273056057
170330,2022-05-01,62.53664256400234
170360,2022-05-01,18.099547511312217
170370,2022-05-01,40.080160320641276
170380,2022-05-01,24.003429061294472
170382,2022-05-01,26.396832380114386
170384,2022-05-01,46.63113818043395
170386,2022-05-01,57.63688760806916
170388,2022-05-01,26.79938744257274
170389,2022-05-01,38.844379703811605
170390,2022-05-01,36.21876131836291
170410,2022-05-01,30.89598352214212
170460,2022-05-01,132.58897418004187
170510,2022-05-01,42.19409282700422
170550,2022-05-01,53.06345733041576
170555,2022-05-01,36.87768899815612
170560,2022-05-01,69.15287725364287
170600,2022-05-01,29.756695256432696
170610,2022-05-01,41.73042147725692
170625,2022-05-01,28.768699654775606
170650,2022-05-01,54.06264906980442
170700,2022-05-01,36.01120348552883
170710,2022-05-01,63.84790011350738
170720,2022-05-01,36.63519797097365
170730,2022-05-01,38.67640739149119
170740,2022-05-01,26.25860195581311
170755,2022-05-01,50.09227524387028
170765,2022-05-01,28.74664622460713
170770,2022-05-01,26.100771674988653
170820,2022-05-01,55.335539521510334
170825,2022-05-01,58.801911062109525
170830,2022-05-01,29.325513196480937
170900,2022-05-01,28.798787419477076
170930,2022-05-01,45.625942684766216
170950,2022-05-01,53.36023765483998
170980,2022-05-01,9.64785335262904
171050,2022-05-01,34.936844934157484
171070,2022-05-01,38.40782122905028
171090,2022-05-01,44.525929806181246
171110,2022-05-01,66.36250518457071
171150,2022-05-01,36.06388459556929
171180,2022-05-01,32.13957759412305
171190,2022-05-01,42.96902072215677
171195,2022-05-01,38.20224719101124
171200,2022-05-01,46.125461254612546
171215,2022-05-01,40.46535154274153
171240,2022-05-01,35.53854565336249
171245,2022-05-01,21.88183807439825
171250,2022-05-01,41.19850187265918
171270,2022-05-01,28.40909090909091
171280,2022-05-01,17.341040462427745
171320,2022-05-01,94.18883434181986
171330,2022-05-01,48.6977053050985
171360,2022-05-01,58.41411881680339
171370,2022-05-01,72.64957264957265
171380,2022-05-01,40.184551272510795
171395,2022-05-01,27.487630566245187
171420,2022-05-01,48.71711594673595
171430,2022-05-01,62.99212598425197
171488,2022-05-01,35.111185420498245
171500,2022-05-01,39.57169459962756
171510,2022-05-01,31.41126318151223
171515,2022-05-01,30.594405594405593
171525,2022-05-01,47.44525547445255
171550,2022-05-01,52.816901408450704
171570,2022-05-01,37.15670436187399
171575,2022-05-01,39.169604386995694
171610,2022-05-01,56.91637237959276
171620,2022-05-01,49.70368954310839
171630,2022-05-01,68.36544437538844
171650,2022-05-01,71.2471783295711
171660,2022-05-01,42.16207100092757
171665,2022-05-01,38.00217155266015
171670,2022-05-01,44.25866732235063
171700,2022-05-01,63.33408731056322
171720,2022-05-01,70.63572149344097
171750,2022-05-01,108.22510822510822
171780,2022-05-01,37.29706011408512
171790,2022-05-01,35.28839133609151
171800,2022-05-01,21.875000000000004
171820,2022-05-01,68.10607158382842
171830,2022-05-01,20.70393374741201
171840,2022-05-01,38.80266075388027
171845,2022-05-01,47.77655273796398
171850,2022-05-01,20.73255010366275
171855,2022-05-01,49.03005755702409
171865,2022-05-01,49.88662131519274
171870,2022-05-01,62.21914967162115
171875,2022-05-01,31.476235442241105
171880,2022-05-01,38.84686158249847
171884,2022-05-01,38.05620608899297
171886,2022-05-01,38.83495145631068
171888,2022-05-01,42.84490145672665
171889,2022-05-01,37.3134328358209
171890,2022-05-01,53.355222655448394
171900,2022-05-01,61.05834464043419
172000,2022-05-01,47.543581616481774
172010,2022-05-01,25.225225225225223
172015,2022-05-01,60.90133982947624
172020,2022-05-01,11.027095148078134
172025,2022-05-01,26.22091117666339
172030,2022-05-01,28.75333744095297
172049,2022-05-01,67.14876033057851
172065,2022-05-01,64.18485237483954
172080,2022-05-01,33.85757972913936
172085,2022-05-01,100.70493454179255
172090,2022-05-01,57.6351752822341
172093,2022-05-01,41.17108874656907
172097,2022-05-01,46.14838480653177
172100,2022-05-01,36.02729435332415
172110,2022-05-01,100.67114093959731
172120,2022-05-01,49.02389915083604
172125,2022-05-01,30.33367037411527
172130,2022-05-01,32.78688524590164
172208,2022-05-01,38.36644215193111
172210,2022-05-01,105.99159074982481
170025,2022-06-01,30.464584920030465
170030,2022-06-01,30.268088786393772
170035,2022-06-01,56.95842035314221
170040,2022-06-01,35.17514289901803
170070,2022-06-01,112.57257968953667
170100,2022-06-01,52.587294909549854
170105,2022-06-01,29.069767441860463
170110,2022-06-01,92.81678773204197
170130,2022-06-01,30.04595263343938
170190,2022-06-01,54.40848214285714
170200,2022-06-01,70.46458855846171
170210,2022-06-01,47.245351280891704
170215,2022-06-01,52.020114444251774
170220,2022-06-01,33.90293916609706
170230,2022-06-01,69.43372936275266
170240,2022-06-01,65.80829756795423
170255,2022-06-01,33.7303678718246
170270,2022-06-01,10.542962572482868
170290,2022-06-01,38.310313539671334
170300,2022-06-01,24.968789013732835
170305,2022-06-01,38.33515881708653
170307,2022-06-01,25.52105487026797
170310,2022-06-01,49.86642920747997
170320,2022-06-01,65.55153707052442
170330,2022-06-01,48.85675200312683
170360,2022-06-01,40.72398190045249
170370,2022-06-01,65.5857168883221
170380,2022-06-01,15.430775825117873
170382,2022-06-01,8.798944126704797
170384,2022-06-01,28.549676437000382
170386,2022-06-01,53.20328086898692
170388,2022-06-01,57.42725880551302
170389,2022-06-01,33.98883224083515
170390,2022-06-01,47.084389713871786
170410,2022-06-01,24.03020940611054
170460,2022-06-01,69.78367062107466
170510,2022-06-01,54.249547920434
170550,2022-06-01,50.60175054704595
170555,2022-06-01,32.780167998360994
170560,2022-06-01,54.334403556433685
170600,2022-06-01,21.00472606336426
170610,2022-06-01,50.07650577270831
170625,2022-06-01,80.5523590333717
170650,2022-06-01,49.29241532835108
170700,2022-06-01,41.34619659449607
170710,2022-06-01,48.240635641316686
170720,2022-06-01,38.04424404678033
170730,2022-06-01,88.09626128061882
170740,2022-06-01,15.392973560304236
170755,2022-06-01,55.36514632217242
170765,2022-06-01,40.24530471444998
170770,2022-06-01,38.58374943259192
170820,2022-06-01,87.34335159767808
170825,2022-06-01,73.50238882763689
170830,2022-06-01,25.41544477028348
170900,2022-06-01,22.735884804850325
170930,2022-06-01,41.10105580693816
170950,2022-06-01,65.24297965360687
170980,2022-06-01,57.88712011577424
171050,2022-06-01,30.905670518677777
171070,2022-06-01,20.949720670391063
171090,2022-06-01,31.43006809848088
171110,2022-06-01,66.36250518457071
171150,2022-06-01,46.3678516228748
171180,2022-06-01,41.32231404958678
171190,2022-06-01,43.662069443481876
171195,2022-06-01,60.674157303370784
171200,2022-06-01,39.975399753997536
171215,2022-06-01,35.40718259989884
171240,2022-06-01,46.47348277747403
171245,2022-06-01,31.259768677711786
171250,2022-06-01,33.70786516853933
171270,2022-06-01,53.26704545454545
171280,2022-06-01,43.35260115606936
171320,2022-06-01,89.62210297979222
171330,2022-06-01,49.435549324872724
171360,2022-06-01,38.5284613472533
171370,2022-06-01,25.641025641025642
171380,2022-06-01,25.30138413454383
171395,2022-06-01,21.990104452996153
171420,2022-06-01,32.47807729782397
171430,2022-06-01,52.493438320209975
171488,2022-06-01,44.30697207824778
171500,2022-06-01,48.88268156424581
171510,2022-06-01,33.654924837334526
171515,2022-06-01,34.96503496503497
171525,2022-06-01,32.846715328467155
171550,2022-06-01,35.2112676056338
171570,2022-06-01,32.31017770597739
171575,2022-06-01,71.81094137615877
171610,2022-06-01,50.90540235930573
171620,2022-06-01,52.571210093672335
171630,2022-06-01,51.792003314688216
171650,2022-06-01,51.495485327313766
171660,2022-06-01,43.84855384096466
171665,2022-06-01,56.09844372059356
171670,2022-06-01,33.19400049176297
171700,2022-06-01,47.50056548292241
171720,2022-06-01,16.818028927009756
171750,2022-06-01,123.5039470333588
171780,2022-06-01,28.521281263712154
171790,2022-06-01,41.37259673886591
171800,2022-06-01,25.0
171820,2022-06-01,75.71366468627735
171830,2022-06-01,18.40349666436623
171840,2022-06-01,58.2039911308204
171845,2022-06-01,36.751194413818446
171850,2022-06-01,29.94701681640175
171855,2022-06-01,40.50309102536772
171865,2022-06-01,40.81632653061225
171870,2022-06-01,41.4794331144141
171875,2022-06-01,34.623858986465216
171880,2022-06-01,30.66857493355142
171884,2022-06-01,64.40281030444964
171886,2022-06-01,40.1294498381877
171888,2022-06-01,59.98286203941731
171889,2022-06-01,49.75124378109452
171890,2022-06-01,41.04247896572953
171900,2022-06-01,61.05834464043419
172000,2022-06-01,31.695721077654518
172010,2022-06-01,36.03603603603604
172015,2022-06-01,42.630937880633375
172020,2022-06-01,9.45179584120983
172025,2022-06-01,29.49852507374631
172030,2022-06-01,20.53809817210926
172049,2022-06-01,74.89669421487604
172065,2022-06-01,67.85255822483037
172080,2022-06-01,18.56705985146352
172085,2022-06-01,75.52870090634441
172090,2022-06-01,54.6642899584076
172093,2022-06-01,45.745654162854535
172097,2022-06-01,78.09726659566915
172100,2022-06-01,42.72567922874671
172110,2022-06-01,77.43933918430564
172120,2022-06-01,53.40103300358925
172125,2022-06-01,40.444893832153696
172130,2022-06-01,25.500910746812387
172208,2022-06-01,30.693153721544892
172210,2022-06-01,70.9530483531885
170025,2022-07-01,41.888804265041884
170030,2022-07-01,20.17872585759585
170035,2022-07-01,34.17505221188532
170040,2022-07-01,27.84698812838927
170070,2022-07-01,60.43370067543548
170100,2022-07-01,61.00126209507783
170105,2022-07-01,46.51162790697674
170110,2022-07-01,28.248587570621467
170130,2022-07-01,26.511134676564158
170190,2022-07-01,71.14955357142857
170200,2022-07-01,57.3271228950197
170210,2022-07-01,55.33239339203533
170215,2022-07-01,46.8181029998266
170220,2022-07-01,30.89542036910458
170230,2022-07-01,83.3204752353032
170240,2022-07-01,32.427277062470196
170255,2022-07-01,34.25740486982186
170270,2022-07-01,13.178703215603585
170290,2022-07-01,31.253150519205565
170300,2022-07-01,27.849803130702007
170305,2022-07-01,35.59693318729463
170307,2022-07-01,48.91535516801361
170310,2022-07-01,33.83793410507569
170320,2022-07-01,54.249547920434
170330,2022-07-01,46.90248192300176
170360,2022-07-01,31.67420814479638
170370,2022-07-01,38.25833485152123
170380,2022-07-01,16.288041148735534
170382,2022-07-01,39.59524857017158
170384,2022-07-01,34.25961172440046
170386,2022-07-01,37.68565728219907
170388,2022-07-01,72.74119448698315
170389,2022-07-01,29.133284777858705
170390,2022-07-01,45.27345164795364
170410,2022-07-01,37.761757638173705
170460,2022-07-01,104.675505931612
170510,2022-07-01,51.235684147076554
170550,2022-07-01,54.15754923413567
170555,2022-07-01,59.4140544970293
170560,2022-07-01,46.92516670782909
170600,2022-07-01,24.505513740591635
170610,2022-07-01,41.73042147725692
170625,2022-07-01,57.53739930955121
170650,2022-07-01,52.47257115598664
170700,2022-07-01,36.01120348552883
170710,2022-07-01,66.6855845629966
170720,2022-07-01,56.36184303226715
170730,2022-07-01,60.16330038676407
170740,2022-07-01,13.582035494386092
170755,2022-07-01,39.54653308726601
170765,2022-07-01,53.660406285933306
170770,2022-07-01,35.17930095324557
170820,2022-07-01,81.37579341398579
170825,2022-07-01,33.07607497243661
170830,2022-07-01,41.05571847507331
170900,2022-07-01,31.83023872679045
170930,2022-07-01,32.80542986425339
170950,2022-07-01,51.90292023989687
170980,2022-07-01,19.29570670525808
171050,2022-07-01,47.03036818059662
171070,2022-07-01,15.712290502793296
171090,2022-07-01,34.04924044002095
171110,2022-07-01,49.77187888842804
171150,2022-07-01,30.911901081916536
171180,2022-07-01,27.548209366391184
171190,2022-07-01,43.662069443481876
171195,2022-07-01,29.213483146067414
171200,2022-07-01,43.05043050430504
171215,2022-07-01,30.349013657056148
171240,2022-07-01,30.071077091306723
171245,2022-07-01,21.88183807439825
171250,2022-07-01,50.561797752808985
171270,2022-07-01,39.0625
171280,2022-07-01,2.8901734104046244
171320,2022-07-01,75.92190889370933
171330,2022-07-01,41.3192651073563
171360,2022-07-01,33.557046979865774
171370,2022-07-01,47.008547008547005
171380,2022-07-01,14.883167137966959
171395,2022-07-01,21.990104452996153
171420,2022-07-01,29.23026956804157
171430,2022-07-01,28.871391076115486
171488,2022-07-01,35.111185420498245
171500,2022-07-01,37.243947858473
171510,2022-07-01,44.87323311644604
171515,2022-07-01,39.33566433566434
171525,2022-07-01,47.44525547445255
171550,2022-07-01,61.61971830985915
171570,2022-07-01,27.463651050080774
171575,2022-07-01,56.14309962136049
171610,2022-07-01,56.72852956645879
171620,2022-07-01,45.88032880902313
171630,2022-07-01,49.72032318210068
171650,2022-07-01,69.83634311512415
171660,2022-07-01,28.670208280630742
171665,2022-07-01,36.19254433586681
171670,2022-07-01,36.88222276862552
171700,2022-07-01,29.405111965618637
171720,2022-07-01,43.72687521022536
171750,2022-07-01,113.31805449452509
171780,2022-07-01,21.93944712593243
171790,2022-07-01,52.324166463859825
171800,2022-07-01,28.125
171820,2022-07-01,53.07201854803652
171830,2022-07-01,19.55371520588912
171840,2022-07-01,36.031042128603104
171845,2022-07-01,47.77655273796398
171850,2022-07-01,46.072333563695004
171855,2022-07-01,36.239607759539545
171865,2022-07-01,49.88662131519274
171870,2022-07-01,17.283097131005878
171875,2022-07-01,15.738117721120553
171880,2022-07-01,22.490288284604375
171884,2022-07-01,49.76580796252928
171886,2022-07-01,41.42394822006472
171888,2022-07-01,79.97714938588975
171889,2022-07-01,20.729684908789388
171890,2022-07-01,28.729735276010672
171900,2022-07-01,37.3134328358209
172000,2022-07-01,35.657686212361334
172010,2022-07-01,16.216216216216214
172015,2022-07-01,54.81120584652862
172020,2022-07-01,9.45179584120983
172025,2022-07-01,13.110455588331694
172030,2022-07-01,18.484288354898336
172049,2022-07-01,36.15702479338843
172065,2022-07-01,25.67394094993581
172080,2022-07-01,21.8435998252512
172085,2022-07-01,45.31722054380665
172090,2022-07-01,51.6934046345811
172093,2022-07-01,22.872827081427268
172097,2022-07-01,21.299254526091588
172100,2022-07-01,34.556153749843496
172110,2022-07-01,64.53278265358803
172120,2022-07-01,36.330210977851706
172125,2022-07-01,25.278058645096056
172130,2022-07-01,29.143897996357012
172208,2022-07-01,30.693153721544892
172210,2022-07-01,60.44148563419761
170025,2022-08-01,53.313023610053314
170030,2022-08-01,20.17872585759585
170035,2022-08-01,49.36396430605658
170040,2022-08-01,32.24388099076653
170070,2022-08-01,93.6129873207726
170100,2022-08-01,65.20824568784182
170105,2022-08-01,40.69767441860465
170110,2022-08-01,38.33736884584342
170130,2022-08-01,53.022269353128316
170190,2022-08-01,55.80357142857143
170200,2022-08-01,66.88164337752299
170210,2022-08-01,52.512569498018145
170215,2022-08-01,46.8181029998266
170220,2022-08-01,28.981544771018456
170230,2022-08-01,114.1799105076377
170240,2022-08-01,47.68717215069146
170255,2022-08-01,32.149256877832826
170270,2022-08-01,26.35740643120717
170290,2022-08-01,19.155156769835667
170300,2022-08-01,39.373859598578704
170305,2022-08-01,43.81161007667032
170307,2022-08-01,46.788600595491275
170310,2022-08-01,33.83793410507569
170320,2022-08-01,56.50994575045208
170330,2022-08-01,41.03967168262654
170360,2022-08-01,63.34841628959276
170370,2022-08-01,38.25833485152123
170380,2022-08-01,19.717102443206173
170382,2022-08-01,17.597888253409593
170384,2022-08-01,30.452988199467075
170386,2022-08-01,48.76967412990468
170388,2022-08-01,22.97090352220521
170389,2022-08-01,26.70551104637048
170390,2022-08-01,21.731256791017746
170410,2022-08-01,27.46309646412633
170460,2022-08-01,48.848569434752264
170510,2022-08-01,36.16636528028933
170550,2022-08-01,60.17505470459519
170555,2022-08-01,26.633886498668307
170560,2022-08-01,37.046184243022964
170600,2022-08-01,21.00472606336426
170610,2022-08-01,23.64723883711225
170625,2022-08-01,80.5523590333717
170650,2022-08-01,28.621402448719987
170700,2022-08-01,34.67745520828702
170710,2022-08-01,59.59137343927355
170720,2022-08-01,32.408059743553615
170730,2022-08-01,77.35281478298238
170740,2022-08-01,18.109380659181454
170755,2022-08-01,60.63801740047456
170765,2022-08-01,53.660406285933306
170770,2022-08-01,24.965955515206538
170820,2022-08-01,85.71583572939836
170825,2022-08-01,91.87798603454611
170830,2022-08-01,43.01075268817204
170900,2022-08-01,31.83023872679045
170930,2022-08-01,42.98642533936652
170950,2022-08-01,61.6557367860546
170980,2022-08-01,43.41534008683068
171050,2022-08-01,45.68664337543671
171070,2022-08-01,29.67877094972067
171090,2022-08-01,62.86013619696176
171110,2022-08-01,82.95313148071341
171150,2022-08-01,74.70376094796497
171180,2022-08-01,41.32231404958678
171190,2022-08-01,28.414997574329476
171195,2022-08-01,33.70786516853933
171200,2022-08-01,36.90036900369004
171215,2022-08-01,40.46535154274153
171240,2022-08-01,16.402405686167302
171245,2022-08-01,28.133791809940607
171250,2022-08-01,35.580524344569284
171270,2022-08-01,39.0625
171280,2022-08-01,20.23121387283237
171320,2022-08-01,98.75556570384747
171330,2022-08-01,50.17339334464694
171360,2022-08-01,44.742729306487696
171370,2022-08-01,38.46153846153847
171380,2022-08-01,34.231284417324005
171395,2022-08-01,41.23144584936778
171420,2022-08-01,32.47807729782397
171430,2022-08-01,44.61942257217848
171488,2022-08-01,42.635010867747866
171500,2022-08-01,23.277467411545626
171510,2022-08-01,51.60421808391295
171515,2022-08-01,17.482517482517483
171525,2022-08-01,18.248175182481752
171550,2022-08-01,88.02816901408451
171570,2022-08-01,33.92568659127625
171575,2022-08-01,54.83744614179397
171610,2022-08-01,37.75640543992787
171620,2022-08-01,56.3945708277576
171630,2022-08-01,66.29376424280092
171650,2022-08-01,64.19300225733635
171660,2022-08-01,35.41613964077916
171665,2022-08-01,28.954035468693448
171670,2022-08-01,47.94688959921318
171700,2022-08-01,38.45283872427053
171720,2022-08-01,16.818028927009756
171750,2022-08-01,100.58568882098294
171780,2022-08-01,21.93944712593243
171790,2022-08-01,42.58943781942078
171800,2022-08-01,15.625
171820,2022-08-01,63.57774235618026
171830,2022-08-01,27.605244996549345
171840,2022-08-01,41.574279379157424
171845,2022-08-01,22.05071664829107
171850,2022-08-01,20.73255010366275
171855,2022-08-01,57.55702408868045
171865,2022-08-01,27.210884353741495
171870,2022-08-01,96.7853439336329
171875,2022-08-01,39.345294302801385
171880,2022-08-01,20.445716622367613
171884,2022-08-01,43.91100702576112
171886,2022-08-01,49.19093851132686
171888,2022-08-01,54.27020851185376
171889,2022-08-01,53.8971807628524
171890,2022-08-01,28.729735276010672
171900,2022-08-01,54.27408412483039
172000,2022-08-01,47.543581616481774
172010,2022-08-01,39.63963963963964
172015,2022-08-01,48.721071863580995
172020,2022-08-01,12.60239445494644
172025,2022-08-01,19.665683382497544
172030,2022-08-01,18.484288354898336
172049,2022-08-01,82.64462809917356
172065,2022-08-01,53.18173482486705
172080,2022-08-01,21.8435998252512
172085,2022-08-01,55.387713997985905
172090,2022-08-01,48.12834224598931
172093,2022-08-01,27.447392497712716
172097,2022-08-01,60.34788782392616
172100,2022-08-01,29.548015525228493
172110,2022-08-01,78.72999483737739
172120,2022-08-01,49.899325921386676
172125,2022-08-01,40.444893832153696
172130,2022-08-01,25.500910746812387
172208,2022-08-01,43.48196777218859
172210,2022-08-01,97.23195515066573
170025,2022-09-01,68.54531607006854
170030,2022-09-01,41.798789276448545
170035,2022-09-01,47.46535029428517
170040,2022-09-01,23.450095266012017
170070,2022-09-01,93.6129873207726
170100,2022-09-01,58.89777029869584
170105,2022-09-01,46.51162790697674
170110,2022-09-01,38.33736884584342
170130,2022-09-01,72.46376811594203
170190,2022-09-01,71.14955357142857
170200,2022-09-01,52.54986265376806
170210,2022-09-01,49.47992870633929
170215,2022-09-01,60.690133518293734
170220,2022-09-01,24.606971975393026
170230,2022-09-01,75.60561641721957
170240,2022-09-01,50.54840247973295
170255,2022-09-01,26.35184989986297
170270,2022-09-01,18.45018450184502
170290,2022-09-01,19.155156769835667
170300,2022-09-01,30.73081724767118
170305,2022-09-01,60.24096385542169
170307,2022-09-01,34.028073160357295
170310,2022-09-01,30.27604630454141
170320,2022-09-01,61.03074141048825
170330,2022-09-01,52.765292163376984
170360,2022-09-01,58.8235294117647
170370,2022-09-01,29.149207505920934
170380,2022-09-01,18.859837119588512
170382,2022-09-01,57.19313682358117
170384,2022-09-01,26.646364674533686
170386,2022-09-01,35.46885391265795
170388,2022-09-01,38.28483920367535
170389,2022-09-01,24.277737314882252
170390,2022-09-01,27.164070988772185
170410,2022-09-01,37.761757638173705
170460,2022-09-01,83.74040474528961
170510,2022-09-01,33.15250150693189
170550,2022-09-01,63.183807439824946
170555,2022-09-01,30.73140749846343
170560,2022-09-01,24.697456162015314
170600,2022-09-01,31.507089095046386
170610,2022-09-01,26.42926693559605
170625,2022-09-01,40.27617951668585
170650,2022-09-01,58.83288281125775
170700,2022-09-01,26.23038278575557
170710,2022-09-01,55.33484676503973
170720,2022-09-01,36.63519797097365
170730,2022-09-01,81.65019338203695
170740,2022-09-01,15.392973560304236
170755,2022-09-01,47.45583970471922
170765,2022-09-01,49.82752012265236
170770,2022-09-01,28.37040399455288
170820,2022-09-01,89.51337275538437
170825,2022-09-01,55.12679162072767
170830,2022-09-01,50.83088954056696
170900,2022-09-01,32.5881015536188
170930,2022-09-01,51.659125188536954
170950,2022-09-01,65.57928367243989
170980,2022-09-01,28.94356005788712
171050,2022-09-01,57.780166621875836
171070,2022-09-01,13.966480446927374
171090,2022-09-01,39.2875851231011
171110,2022-09-01,53.919535462463706
171150,2022-09-01,59.247810407006696
171180,2022-09-01,55.09641873278237
171190,2022-09-01,46.43426432878231
171195,2022-09-01,13.48314606741573
171200,2022-09-01,39.975399753997536
171215,2022-09-01,25.290844714213456
171240,2022-09-01,13.66867140513942
171245,2022-09-01,53.141606752110036
171250,2022-09-01,46.81647940074907
171270,2022-09-01,14.204545454545455
171280,2022-09-01,17.341040462427745
171320,2022-09-01,83.34284735700423
171330,2022-09-01,49.435549324872724
171360,2022-09-01,33.557046979865774
171370,2022-09-01,128.2051282051282
171380,2022-09-01,22.32475070695044
171395,2022-09-01,30.236393622869706
171420,2022-09-01,55.21273140630075
171430,2022-09-01,47.24409448818898
171488,2022-09-01,34.27520481524829
171500,2022-09-01,44.22718808193668
171510,2022-09-01,42.62957146062374
171515,2022-09-01,13.111888111888112
171525,2022-09-01,43.79562043795621
171550,2022-09-01,26.408450704225352
171570,2022-09-01,30.694668820678512
171575,2022-09-01,84.867476171824
171610,2022-09-01,47.33638890976031
171620,2022-09-01,32.49856623972472
171630,2022-09-01,41.43360265175057
171650,2022-09-01,67.01467268623026
171660,2022-09-01,40.47558816089046
171665,2022-09-01,48.85993485342019
171670,2022-09-01,55.32333415293829
171700,2022-09-01,54.286360551911336
171720,2022-09-01,30.272452068617557
171750,2022-09-01,104.40539852304559
171780,2022-09-01,28.521281263712154
171790,2022-09-01,41.37259673886591
171800,2022-09-01,9.375
171820,2022-09-01,55.245616577307636
171830,2022-09-01,12.652403956751783
171840,2022-09-01,58.2039911308204
171845,2022-09-01,25.725836089672914
171850,2022-09-01,66.80488366735776
171855,2022-09-01,42.634832658281816
171865,2022-09-01,36.281179138321995
171870,2022-09-01,58.76253024541998
171875,2022-09-01,29.902423670129053
171880,2022-09-01,22.490288284604375
171884,2022-09-01,64.40281030444964
171886,2022-09-01,41.42394822006472
171888,2022-09-01,28.563267637817766
171889,2022-09-01,62.18905472636816
171890,2022-09-01,22.57336343115124
171900,2022-09-01,57.66621438263229
172000,2022-09-01,23.771790808240887
172010,2022-09-01,37.83783783783784
172015,2022-09-01,30.45066991473812
172020,2022-09-01,7.876496534341524
172025,2022-09-01,45.88659455916093
172030,2022-09-01,16.43047853768741
172049,2022-09-01,56.81818181818182
172065,2022-09-01,23.8400880249404
172080,2022-09-01,20.751419833988642
172085,2022-09-01,95.66968781470291
172090,2022-09-01,52.8817587641117
172093,2022-09-01,18.298261665141812
172097,2022-09-01,49.69826056088037
172100,2022-09-01,24.070364342055843
172110,2022-09-01,87.76458440887971
172120,2022-09-01,36.76792436312702
172125,2022-09-01,60.66734074823054
172130,2022-09-01,36.42987249544627
172208,2022-09-01,26.430215704663652
172210,2022-09-01,81.4646110721794
170025,2022-10-01,45.6968773800457
170030,2022-10-01,15.85471317382531
170035,2022-10-01,58.85703436491361
170040,2022-10-01,49.83145244027554
170070,2022-10-01,91.24303827467709
170100,2022-10-01,61.00126209507783
170105,2022-10-01,49.41860465116279
170110,2022-10-01,32.284100080710246
170130,2022-10-01,35.34817956875221
170190,2022-10-01,68.359375
170200,2022-10-01,70.46458855846171
170210,2022-10-01,49.85235827724721
170215,2022-10-01,29.478064851742673
170220,2022-10-01,29.80177717019822
170230,2022-10-01,97.20722110785373
170240,2022-10-01,70.57701478302336
170255,2022-10-01,37.41962685780542
170270,2022-10-01,23.721665788086455
170290,2022-10-01,24.19598749873979
170300,2022-10-01,25.929127052722556
170305,2022-10-01,60.24096385542169
170307,2022-10-01,25.52105487026797
170310,2022-10-01,48.08548530721282
170320,2022-10-01,51.98915009041591
170330,2022-10-01,78.17080320500294
170360,2022-10-01,31.67420814479638
170370,2022-10-01,52.83293860448169
170380,2022-10-01,18.859837119588512
170382,2022-10-01,39.59524857017158
170384,2022-10-01,18.081461743433575
170386,2022-10-01,55.42008423852805
170388,2022-10-01,42.11332312404288
170389,2022-10-01,29.133284777858705
170390,2022-10-01,45.27345164795364
170410,2022-10-01,34.32887058015791
170460,2022-10-01,69.78367062107466
170510,2022-10-01,51.235684147076554
170550,2022-10-01,68.10722100656456
170555,2022-10-01,32.780167998360994
170560,2022-10-01,54.334403556433685
170600,2022-10-01,22.755119901977945
170610,2022-10-01,30.60230908332174
170625,2022-10-01,69.04487917146145
170650,2022-10-01,62.013038638893306
170700,2022-10-01,37.34495176277064
170710,2022-10-01,53.91600454029512
170720,2022-10-01,54.952796956460475
170730,2022-10-01,68.75805758487323
170740,2022-10-01,14.487504527345164
170755,2022-10-01,44.81940416556815
170765,2022-10-01,42.16174779609045
170770,2022-10-01,34.04448479346346
170820,2022-10-01,70.52568762545435
170825,2022-10-01,62.47703050349136
170830,2022-10-01,33.235581622678396
170900,2022-10-01,39.408866995073886
170930,2022-10-01,48.26546003016591
170950,2022-10-01,63.673560899052745
170980,2022-10-01,62.71104679208876
171050,2022-10-01,59.123891427035744
171070,2022-10-01,17.45810055865922
171090,2022-10-01,44.525929806181246
171110,2022-10-01,45.62422231439237
171150,2022-10-01,30.911901081916536
171180,2022-10-01,50.50505050505051
171190,2022-10-01,29.801095016979694
171195,2022-10-01,29.213483146067414
171200,2022-10-01,73.80073800738008
171215,2022-10-01,65.75619625695498
171240,2022-10-01,24.603608529250955
171245,2022-10-01,25.007814942169425
171250,2022-10-01,50.561797752808985
171270,2022-10-01,46.16477272727273
171280,2022-10-01,14.45086705202312
171320,2022-10-01,83.34284735700423
171330,2022-10-01,45.74632922600163
171360,2022-10-01,47.22843649018146
171370,2022-10-01,72.64957264957265
171380,2022-10-01,17.859800565560352
171395,2022-10-01,35.73391973611875
171420,2022-10-01,41.13889791057703
171430,2022-10-01,41.99475065616798
171488,2022-10-01,50.15883631499749
171500,2022-10-01,41.899441340782126
171510,2022-10-01,38.142248148979135
171515,2022-10-01,61.18881118881119
171525,2022-10-01,36.496350364963504
171550,2022-10-01,70.4225352112676
171570,2022-10-01,45.23424878836834
171575,2022-10-01,63.97702049875963
171610,2022-10-01,43.76737546021489
171620,2022-10-01,59.26209137832154
171630,2022-10-01,70.43712450797597
171650,2022-10-01,66.30925507900677
171660,2022-10-01,35.41613964077916
171665,2022-10-01,25.334781035106765
171670,2022-10-01,56.552741578559136
171700,2022-10-01,47.50056548292241
171720,2022-10-01,50.45408678102927
171750,2022-10-01,73.84772090654444
171780,2022-10-01,35.103115401491884
171790,2022-10-01,45.023119980530545
171800,2022-10-01,25.0
171820,2022-10-01,68.46833792204028
171830,2022-10-01,13.802622498274673
171840,2022-10-01,41.574279379157424
171845,2022-10-01,29.400955531054763
171850,2022-10-01,73.715733701912
171855,2022-10-01,38.37134939245364
171865,2022-10-01,40.81632653061225
171870,2022-10-01,55.3059108192188
171875,2022-10-01,44.06672961913755
171880,2022-10-01,28.624003271314656
171884,2022-10-01,81.9672131147541
171886,2022-10-01,40.1294498381877
171888,2022-10-01,71.40816909454442
171889,2022-10-01,16.58374792703151
171890,2022-10-01,28.729735276010672
171900,2022-10-01,44.097693351424695
172000,2022-10-01,23.771790808240887
172010,2022-10-01,48.648648648648646
172015,2022-10-01,48.721071863580995
172020,2022-10-01,14.965343415248896
172025,2022-10-01,32.77613897082924
172030,2022-10-01,18.484288354898336
172049,2022-10-01,56.81818181818182
172065,2022-10-01,44.01247019988997
172080,2022-10-01,22.93577981651376
172085,2022-10-01,85.59919436052367
172090,2022-10-01,48.12834224598931
172093,2022-10-01,9.149130832570906
172097,2022-10-01,53.24813631522897
172100,2022-10-01,29.42281206961312
172110,2022-10-01,59.37016004130098
172120,2022-10-01,49.02389915083604
172125,2022-10-01,70.77856420626895
172130,2022-10-01,32.78688524590164
172208,2022-10-01,38.36644215193111
172210,2022-10-01,105.99159074982481
170025,2022-11-01,83.77760853008377
170030,2022-11-01,37.474776592678005
170035,2022-11-01,51.26257831782799
170040,2022-11-01,51.29708339440129
170070,2022-11-01,82.94821661334282
170100,2022-11-01,58.89777029869584
170105,2022-11-01,49.41860465116279
170110,2022-11-01,50.443906376109766
170130,2022-11-01,60.09190526687876
170190,2022-11-01,54.40848214285714
170200,2022-11-01,71.65890361877463
170210,2022-11-01,52.086935702694795
170215,2022-11-01,55.48812207386856
170220,2022-11-01,27.8879015721121
170230,2022-11-01,123.43774108933806
170240,2022-11-01,68.6695278969957
170255,2022-11-01,34.78444186781912
170270,2022-11-01,18.45018450184502
170290,2022-11-01,35.28581510232887
170300,2022-11-01,31.691155286660905
170305,2022-11-01,68.45564074479736
170307,2022-11-01,31.90131858783496
170310,2022-11-01,40.961709706144255
170320,2022-11-01,56.50994575045208
170330,2022-11-01,41.03967168262654
170360,2022-11-01,40.72398190045249
170370,2022-11-01,34.614683913281105
170380,2022-11-01,13.716245177882556
170382,2022-11-01,43.994720633523976
170384,2022-11-01,39.96954701180053
170386,2022-11-01,48.76967412990468
170388,2022-11-01,42.11332312404288
170389,2022-11-01,36.41660597232338
170390,2022-11-01,52.51720391162622
170410,2022-11-01,30.89598352214212
170460,2022-11-01,55.82693649685973
170510,2022-11-01,48.221820373719105
170550,2022-11-01,65.0984682713348
170555,2022-11-01,38.92644949805368
170560,2022-11-01,49.39491232403063
170600,2022-11-01,21.00472606336426
170610,2022-11-01,29.211295034079843
170625,2022-11-01,28.768699654775606
170650,2022-11-01,49.29241532835108
170700,2022-11-01,27.564131062997376
170710,2022-11-01,63.84790011350738
170720,2022-11-01,67.63421163872059
170730,2022-11-01,55.865921787709496
170740,2022-11-01,19.9203187250996
170755,2022-11-01,47.45583970471922
170765,2022-11-01,51.74396320429283
170770,2022-11-01,37.4489332728098
170820,2022-11-01,74.86572994086693
170825,2022-11-01,88.20286659316427
170830,2022-11-01,50.83088954056696
170900,2022-11-01,43.19818112921561
170930,2022-11-01,48.26546003016591
170950,2022-11-01,56.05066980550418
170980,2022-11-01,53.06319343945972
171050,2022-11-01,36.280569739317386
171070,2022-11-01,22.695530726256987
171090,2022-11-01,34.04924044002095
171110,2022-11-01,53.919535462463706
171150,2022-11-01,30.911901081916536
171180,2022-11-01,32.13957759412305
171190,2022-11-01,32.57328990228013
171195,2022-11-01,38.20224719101124
171200,2022-11-01,55.35055350553505
171215,2022-11-01,60.698027314112295
171240,2022-11-01,24.603608529250955
171245,2022-11-01,34.38574554548296
171250,2022-11-01,69.28838951310861
171270,2022-11-01,21.30681818181818
171280,2022-11-01,26.01156069364162
171320,2022-11-01,69.07181185066788
171330,2022-11-01,33.94082490961411
171360,2022-11-01,34.799900571712655
171370,2022-11-01,64.1025641025641
171380,2022-11-01,19.348117279357048
171395,2022-11-01,30.236393622869706
171420,2022-11-01,44.38670564035942
171430,2022-11-01,47.24409448818898
171488,2022-11-01,45.9789332887477
171500,2022-11-01,41.899441340782126
171510,2022-11-01,51.60421808391295
171515,2022-11-01,52.44755244755245
171525,2022-11-01,25.547445255474454
171550,2022-11-01,70.4225352112676
171570,2022-11-01,19.38610662358643
171575,2022-11-01,40.47525786656222
171610,2022-11-01,48.46344578856413
171620,2022-11-01,52.571210093672335
171630,2022-11-01,47.648643049513154
171650,2022-11-01,71.2471783295711
171660,2022-11-01,26.98372544059364
171665,2022-11-01,50.66956207021353
171670,2022-11-01,63.92918613228424
171700,2022-11-01,45.238633793259446
171720,2022-11-01,40.363269424823415
171750,2022-11-01,82.76037687802393
171780,2022-11-01,32.90917068889864
171790,2022-11-01,26.77050377220735
171800,2022-11-01,21.875000000000004
171820,2022-11-01,60.86074481959136
171830,2022-11-01,16.10305958132045
171840,2022-11-01,52.66075388026608
171845,2022-11-01,44.10143329658214
171850,2022-11-01,43.76871688551025
171855,2022-11-01,49.03005755702409
171865,2022-11-01,22.675736961451246
171870,2022-11-01,38.02281368821293
171875,2022-11-01,20.459553037456722
171880,2022-11-01,36.80228992026171
171884,2022-11-01,61.47540983606557
171886,2022-11-01,53.07443365695792
171888,2022-11-01,45.701228220508426
171889,2022-11-01,37.3134328358209
171890,2022-11-01,28.729735276010672
171900,2022-11-01,20.352781546811396
172000,2022-11-01,27.733755942947703
172010,2022-11-01,43.24324324324324
172015,2022-11-01,24.360535931790498
172020,2022-11-01,7.088846880907373
172025,2022-11-01,22.943297279580467
172030,2022-11-01,18.484288354898336
172049,2022-11-01,67.14876033057851
172065,2022-11-01,53.18173482486705
172080,2022-11-01,19.65923984272608
172085,2022-11-01,40.28197381671702
172090,2022-11-01,54.0701128936423
172093,2022-11-01,32.02195791399817
172097,2022-11-01,49.69826056088037
172100,2022-11-01,29.798422436459244
172110,2022-11-01,55.4981930820857
172120,2022-11-01,40.2696314453296
172125,2022-11-01,40.444893832153696
172130,2022-11-01,36.42987249544627
172208,2022-11-01,42.62938016881234
172210,2022-11-01,88.47231955150666
170025,2022-12-01,45.6968773800457
170030,2022-12-01,23.061400980109543
170035,2022-12-01,51.26257831782799
170040,2022-12-01,51.29708339440129
170070,2022-12-01,101.90780898210689
170100,2022-12-01,70.4669751787968
170105,2022-12-01,98.83720930232558
170110,2022-12-01,68.60371267150927
170130,2022-12-01,38.88299752562743
170190,2022-12-01,64.17410714285714
170200,2022-12-01,68.07595843783591
170210,2022-12-01,48.096618871538396
170215,2022-12-01,46.8181029998266
170220,2022-12-01,26.520847573479152
170230,2022-12-01,49.37509643573522
170240,2022-12-01,78.20696232713401
170255,2022-12-01,37.41962685780542
170270,2022-12-01,39.53610964681075
170290,2022-12-01,55.44913801794536
170300,2022-12-01,30.73081724767118
170305,2022-12-01,68.45564074479736
170307,2022-12-01,25.52105487026797
170310,2022-12-01,55.209260908281394
170320,2022-12-01,49.72875226039783
170330,2022-12-01,44.94821184287669
170360,2022-12-01,99.54751131221718
170370,2022-12-01,40.080160320641276
170380,2022-12-01,26.57522503214745
170382,2022-12-01,70.39155301363837
170384,2022-12-01,31.404644080700418
170386,2022-12-01,28.81844380403458
170388,2022-12-01,57.42725880551302
170389,2022-12-01,26.70551104637048
170390,2022-12-01,25.353132922854037
170410,2022-12-01,61.79196704428424
170460,2022-12-01,62.8053035589672
170510,2022-12-01,30.138637733574445
170550,2022-12-01,57.98687089715536
170555,2022-12-01,61.46281499692686
170560,2022-12-01,34.576438626821435
170600,2022-12-01,38.50866444950114
170610,2022-12-01,29.211295034079843
170625,2022-12-01,17.26121979286536
170650,2022-12-01,47.70233741453332
170700,2022-12-01,42.679944871737874
170710,2022-12-01,73.77979568671964
170720,2022-12-01,35.22615189516697
170730,2022-12-01,62.31198968629136
170740,2022-12-01,22.63672582397682
170755,2022-12-01,42.182968626417086
170765,2022-12-01,45.994633959371406
170770,2022-12-01,20.426690876078077
170820,2022-12-01,71.06819291488092
170825,2022-12-01,88.20286659316427
170830,2022-12-01,70.38123167155425
170900,2022-12-01,38.65100416824555
170930,2022-12-01,68.25037707390649
170950,2022-12-01,52.3513255983409
170980,2022-12-01,62.71104679208876
171050,2022-12-01,47.03036818059662
171070,2022-12-01,31.424581005586592
171090,2022-12-01,44.525929806181246
171110,2022-12-01,74.65781833264205
171150,2022-12-01,61.82380216383307
171180,2022-12-01,41.32231404958678
171190,2022-12-01,34.652436066255454
171195,2022-12-01,33.70786516853933
171200,2022-12-01,83.02583025830259
171215,2022-12-01,55.639858371269604
171240,2022-12-01,30.071077091306723
171245,2022-12-01,43.7636761487965
171250,2022-12-01,48.68913857677902
171270,2022-12-01,35.51136363636363
171280,2022-12-01,28.90173410404624
171320,2022-12-01,103.3222970658751
171330,2022-12-01,56.81398952261492
171360,2022-12-01,22.371364653243848
171370,2022-12-01,51.282051282051285
171380,2022-12-01,28.278017562137222
171395,2022-12-01,41.23144584936778
171420,2022-12-01,36.8084876042005
171430,2022-12-01,36.74540682414698
171488,2022-12-01,35.111185420498245
171500,2022-12-01,30.26070763500931
171510,2022-12-01,98.72111285618129
171515,2022-12-01,34.96503496503497
171525,2022-12-01,10.948905109489052
171550,2022-12-01,52.816901408450704
171570,2022-12-01,25.84814216478191
171575,2022-12-01,53.531792662227446
171610,2022-12-01,46.585017657224434
171620,2022-12-01,47.79200917606577
171630,2022-12-01,53.86368344727575
171650,2022-12-01,69.83634311512415
171660,2022-12-01,42.16207100092757
171665,2022-12-01,52.479189287006875
171670,2022-12-01,77.4526678141136
171700,2022-12-01,56.54829224157431
171720,2022-12-01,40.363269424823415
171750,2022-12-01,34.37738731856379
171780,2022-12-01,52.65467310223783
171790,2022-12-01,35.28839133609151
171800,2022-12-01,37.5
171820,2022-12-01,64.30227503260397
171830,2022-12-01,31.05590062111801
171840,2022-12-01,63.74722838137472
171845,2022-12-01,29.400955531054763
171850,2022-12-01,64.501266989173
171855,2022-12-01,31.97612449371136
171865,2022-12-01,40.81632653061225
171870,2022-12-01,51.84929139301763
171875,2022-12-01,25.180988353792888
171880,2022-12-01,38.84686158249847
171884,2022-12-01,70.2576112412178
171886,2022-12-01,41.42394822006472
171888,2022-12-01,65.69551556698086
171889,2022-12-01,37.3134328358209
171890,2022-12-01,36.93823106915658
171900,2022-12-01,57.66621438263229
172000,2022-12-01,51.50554675118859
172010,2022-12-01,30.63063063063063
172015,2022-12-01,133.98294762484775
172020,2022-12-01,5.513547574039067
172025,2022-12-01,36.05375286791216
172030,2022-12-01,28.75333744095297
172049,2022-12-01,46.48760330578513
172065,2022-12-01,42.178617274894556
172080,2022-12-01,30.581039755351682
172085,2022-12-01,50.35246727089628
172090,2022-12-01,49.91087344028521
172093,2022-12-01,22.872827081427268
172097,2022-12-01,39.04863329783458
172100,2022-12-01,40.69112307499687
172110,2022-12-01,68.4047496128033
172120,2022-12-01,41.14505821588024
172125,2022-12-01,91.0010111223458
172130,2022-12-01,61.93078324225865
172208,2022-12-01,35.80867934180237
172210,2022-12-01,105.11562718990889
170025,2023-01-01,68.02721088435374
170030,2023-01-01,38.61625100563154
170035,2023-01-01,45.80152671755725
170040,2023-01-01,55.14979877776121
170070,2023-01-01,52.02312138728324
170100,2023-01-01,38.516115953780655
170105,2023-01-01,54.91153142159854
170110,2023-01-01,47.875523638539796
170130,2023-01-01,48.61361181130717
170190,2023-01-01,80.56247253552073
170200,2023-01-01,48.03650774588687
170210,2023-01-01,50.72041175557897
170215,2023-01-01,46.93073024216257
170220,2023-01-01,35.079841719754164
170230,2023-01-01,58.31848371942329
170240,2023-01-01,78.16968541468066
170255,2023-01-01,32.47444633730834
170270,2023-01-01,19.00624490904154
170290,2023-01-01,38.33300570080598
170300,2023-01-01,39.73648436683049
170305,2023-01-01,52.35602094240838
170307,2023-01-01,46.82843763303533
170310,2023-01-01,63.00963676797628
170320,2023-01-01,43.29004329004329
170330,2023-01-01,47.39336492890995
170360,2023-01-01,46.49000464900047
170370,2023-01-01,47.41134079271762
170380,2023-01-01,16.678370786516854
170382,2023-01-01,77.80320366132723
170384,2023-01-01,30.778395552025415
170386,2023-01-01,72.49660172179429
170388,2023-01-01,55.93288054334798
170389,2023-01-01,25.726781579624387
170390,2023-01-01,24.154589371980673
170410,2023-01-01,22.463496817671285
170460,2023-01-01,60.893098782138026
170510,2023-01-01,61.06870229007634
170550,2023-01-01,56.130551448442034
170555,2023-01-01,57.259713701431494
170560,2023-01-01,47.32254047322541
170600,2023-01-01,24.695713529723058
170610,2023-01-01,51.83585313174946
170625,2023-01-01,36.014405762304925
170650,2023-01-01,46.46691235378946
170700,2023-01-01,64.30564092864911
170710,2023-01-01,79.7649034424853
170720,2023-01-01,42.22481071636575
170730,2023-01-01,52.770448548812666
170740,2023-01-01,33.1858407079646
170755,2023-01-01,21.60410477990818
170765,2023-01-01,64.76190476190476
170770,2023-01-01,31.76096929772968
170820,2023-01-01,59.73970556859398
170825,2023-01-01,69.1699604743083
170830,2023-01-01,53.68860608470869
170900,2023-01-01,47.32101969165013
170930,2023-01-01,59.22776111469683
170950,2023-01-01,51.86317045695357
170980,2023-01-01,25.75991756826378
171050,2023-01-01,38.36667580158947
171070,2023-01-01,19.81981981981982
171090,2023-01-01,58.18566516794498
171110,2023-01-01,45.360824742268036
171150,2023-01-01,32.11131924003211
171180,2023-01-01,58.664259927797836
171190,2023-01-01,43.56148109035707
171195,2023-01-01,45.1735615786971
171200,2023-01-01,95.5223880597015
171215,2023-01-01,47.64425622022234
171240,2023-01-01,23.249055507120023
171245,2023-01-01,35.62176165803109
171250,2023-01-01,79.0895061728395
171270,2023-01-01,31.523642732049034
171280,2023-01-01,41.48148148148148
171320,2023-01-01,71.7850933767035
171330,2023-01-01,44.71938585376761
171360,2023-01-01,31.36078538314699
171370,2023-01-01,100.0834028356964
171380,2023-01-01,19.48368241597662
171395,2023-01-01,33.31482509716824
171420,2023-01-01,33.86867693652354
171430,2023-01-01,36.88222276862552
171488,2023-01-01,48.43871637401609
171500,2023-01-01,34.799900571712655
171510,2023-01-01,87.1359779867003
171515,2023-01-01,41.97761194029851
171525,2023-01-01,53.970701619121044
171550,2023-01-01,51.59071367153913
171570,2023-01-01,32.690984170681354
171575,2023-01-01,45.37568397170693
171610,2023-01-01,49.35487448704204
171620,2023-01-01,44.385683256209276
171630,2023-01-01,65.302568567697
171650,2023-01-01,49.2166920837377
171660,2023-01-01,37.76978417266187
171665,2023-01-01,48.31815647649135
171670,2023-01-01,55.641055996211676
171700,2023-01-01,58.11354492624051
171720,2023-01-01,40.05826656955572
171750,2023-01-01,89.25106713232441
171780,2023-01-01,38.014311270125226
171790,2023-01-01,45.53846153846154
171800,2023-01-01,73.45895879910572
171820,2023-01-01,67.88126644654142
171830,2023-01-01,13.380909901873327
171840,2023-01-01,46.70169293636894
171845,2023-01-01,42.75165176836378
171850,2023-01-01,39.263803680981596
171855,2023-01-01,44.493882091212456
171865,2023-01-01,81.14558472553698
171870,2023-01-01,45.091918140825534
171875,2023-01-01,20.495303159692572
171880,2023-01-01,35.766884073216914
171884,2023-01-01,58.92255892255892
171886,2023-01-01,35.15625
171888,2023-01-01,76.49938800489596
171889,2023-01-01,33.59932801343973
171890,2023-01-01,55.62422744128554
171900,2023-01-01,34.002040122407344
172000,2023-01-01,15.968063872255488
172010,2023-01-01,52.63157894736842
172015,2023-01-01,46.45760743321719
172020,2023-01-01,6.0804134681158315
172025,2023-01-01,28.169014084507044
172030,2023-01-01,23.574796399485642
172049,2023-01-01,27.007120058924624
172065,2023-01-01,46.32203075782842
172080,2023-01-01,13.19529029638652
172085,2023-01-01,53.50454788657036
172090,2023-01-01,56.708419019131306
172093,2023-01-01,50.92592592592593
172097,2023-01-01,36.69724770642202
172100,2023-01-01,41.317202305846266
172110,2023-01-01,78.44650205761317
172120,2023-01-01,54.00226461109659
172125,2023-01-01,80.1201802704056
172130,2023-01-01,20.08838891120932
172208,2023-01-01,43.7368789363191
172210,2023-01-01,104.68861846814602
170025,2023-02-01,75.58578987150416
170030,2023-02-01,27.35317779565567
170035,2023-02-01,32.44274809160305
170040,2023-02-01,40.24444775674467
170070,2023-02-01,85.54913294797687
170100,2023-02-01,60.8149199270221
170105,2023-02-01,67.11409395973155
170110,2023-02-01,39.896269698783165
170130,2023-02-01,45.012603528988116
170190,2023-02-01,90.81587813095064
170200,2023-02-01,84.06388855530203
170210,2023-02-01,50.559904123441065
170215,2023-02-01,58.19410550028158
170220,2023-02-01,21.328543765610533
170230,2023-02-01,150.65608294184352
170240,2023-02-01,79.12297426120114
170255,2023-02-01,21.29471890971039
170270,2023-02-01,46.15802335052946
170290,2023-02-01,25.55533713387065
170300,2023-02-01,32.41660566767751
170305,2023-02-01,57.867181041609264
170307,2023-02-01,27.67134951042997
170310,2023-02-01,40.7709414381023
170320,2023-02-01,72.90954659375711
170330,2023-02-01,67.99917576756646
170360,2023-02-01,27.89400278940028
170370,2023-02-01,36.03261900246539
170380,2023-02-01,12.289325842696629
170382,2023-02-01,18.30663615560641
170384,2023-02-01,33.756949960285944
170386,2023-02-01,65.70004531037608
170388,2023-02-01,51.9376747902517
170389,2023-02-01,43.73552868536146
170390,2023-02-01,48.30917874396135
170410,2023-02-01,41.18307749906403
170460,2023-02-01,60.893098782138026
170510,2023-02-01,64.12213740458016
170550,2023-02-01,65.44000876184218
170555,2023-02-01,44.989775051124745
170560,2023-02-01,34.86924034869241
170600,2023-02-01,35.279590756747226
170610,2023-02-01,38.87688984881209
170625,2023-02-01,42.016806722689076
170650,2023-02-01,38.45537574106714
170700,2023-02-01,39.71818998534209
170710,2023-02-01,62.97229219143577
170720,2023-02-01,49.504950495049506
170730,2023-02-01,57.16798592788039
170740,2023-02-01,16.090104585679807
170755,2023-02-01,56.710775047258984
170765,2023-02-01,41.904761904761905
170770,2023-02-01,28.23197270909305
170820,2023-02-01,45.338169404736504
170825,2023-02-01,55.99472990777339
170830,2023-02-01,41.75780473255121
170900,2023-02-01,34.3459013891009
170930,2023-02-01,44.04115570067201
170950,2023-02-01,50.301698658249585
170980,2023-02-01,25.75991756826378
171050,2023-02-01,38.36667580158947
171070,2023-02-01,16.216216216216214
171090,2023-02-01,39.672044432689766
171110,2023-02-01,12.371134020618555
171150,2023-02-01,37.46320578003746
171180,2023-02-01,27.07581227436823
171190,2023-02-01,21.780740545178535
171195,2023-02-01,42.796005706134096
171200,2023-02-01,44.776119402985074
171215,2023-02-01,21.175224986765485
171240,2023-02-01,55.21650682941005
171245,2023-02-01,61.52849740932643
171250,2023-02-01,63.657407407407405
171270,2023-02-01,24.518388791593694
171280,2023-02-01,17.77777777777778
171320,2023-02-01,81.87987213280242
171330,2023-02-01,57.3898785123351
171360,2023-02-01,32.7242977911099
171370,2023-02-01,66.72226855713095
171380,2023-02-01,19.48368241597662
171395,2023-02-01,30.538589672404218
171420,2023-02-01,41.5164426963837
171430,2023-02-01,29.505778214900417
171488,2023-02-01,48.43871637401609
171500,2023-02-01,39.77131493910017
171510,2023-02-01,59.61935335932126
171515,2023-02-01,41.97761194029851
171525,2023-02-01,34.69545104086353
171550,2023-02-01,42.99226139294927
171570,2023-02-01,22.36751548520303
171575,2023-02-01,32.029894568263714
171610,2023-02-01,54.71551628526008
171620,2023-02-01,57.60695060912267
171630,2023-02-01,82.7165868524162
171650,2023-02-01,72.7852488562318
171660,2023-02-01,54.85611510791367
171665,2023-02-01,39.026203307935326
171670,2023-02-01,42.618681188587665
171700,2023-02-01,58.11354492624051
171720,2023-02-01,36.41660597232338
171750,2023-02-01,86.66407967921356
171780,2023-02-01,29.069767441860463
171790,2023-02-01,62.76923076923077
171800,2023-02-01,44.71414883423826
171820,2023-02-01,64.19388900993916
171830,2023-02-01,16.726137377341658
171840,2023-02-01,37.94512551079977
171845,2023-02-01,73.84376214535561
171850,2023-02-01,34.355828220858896
171855,2023-02-01,51.16796440489433
171865,2023-02-01,66.82577565632458
171870,2023-02-01,72.84079084287201
171875,2023-02-01,44.40649017933391
171880,2023-02-01,14.727540500736376
171884,2023-02-01,75.75757575757576
171886,2023-02-01,65.10416666666667
171888,2023-02-01,61.19951040391677
171889,2023-02-01,75.5984880302394
171890,2023-02-01,59.74454058508447
171900,2023-02-01,37.40224413464808
172000,2023-02-01,19.96007984031936
172010,2023-02-01,26.31578947368421
172015,2023-02-01,5.807200929152149
172020,2023-02-01,3.0402067340579157
172025,2023-02-01,14.084507042253522
172030,2023-02-01,34.29061294470639
172049,2023-02-01,51.559047385219735
172065,2023-02-01,57.43931813970725
172080,2023-02-01,3.045066991473812
172085,2023-02-01,64.20545746388443
172090,2023-02-01,47.98404686234187
172093,2023-02-01,13.88888888888889
172097,2023-02-01,58.71559633027523
172100,2023-02-01,37.38959400282045
172110,2023-02-01,66.8724279835391
172120,2023-02-01,44.85671979792701
172125,2023-02-01,60.090135202804206
172130,2023-02-01,32.14142225793491
172208,2023-02-01,43.7368789363191
172210,2023-02-01,79.63493199713673
170025,2023-03-01,117.15797430083144
170030,2023-03-01,11.263073209975866
170035,2023-03-01,34.351145038167935
170040,2023-03-01,49.187658369354594
170070,2023-03-01,78.61271676300578
170100,2023-03-01,47.63835394283398
170105,2023-03-01,36.607687614399026
170110,2023-03-01,49.870337123478954
170130,2023-03-01,37.81058696435002
170190,2023-03-01,76.16815585176505
170200,2023-03-01,78.05932508706617
170210,2023-03-01,52.16498044482015
170215,2023-03-01,24.403979725924536
170220,2023-03-01,18.802795161788232
170230,2023-03-01,127.97667260651224
170240,2023-03-01,40.038131553860815
170255,2023-03-01,11.712095400340717
170270,2023-03-01,32.5821341297855
170290,2023-03-01,35.38431295459013
170300,2023-03-01,36.59939349576493
170305,2023-03-01,63.37834114081014
170307,2023-03-01,51.08556832694764
170310,2023-03-01,51.89028910303929
170320,2023-03-01,63.79585326953748
170330,2023-03-01,61.81743251596951
170360,2023-03-01,51.13900511390051
170370,2023-03-01,26.550350843921866
170380,2023-03-01,16.678370786516854
170382,2023-03-01,27.45995423340961
170384,2023-03-01,37.72835583796664
170386,2023-03-01,40.77933846850929
170388,2023-03-01,47.94246903715541
170389,2023-03-01,2.572678157962439
170390,2023-03-01,59.45745076179859
170410,2023-03-01,29.95132909022838
170460,2023-03-01,101.48849797023004
170510,2023-03-01,64.12213740458016
170550,2023-03-01,70.09473741854225
170555,2023-03-01,44.989775051124745
170560,2023-03-01,39.8505603985056
170600,2023-03-01,29.987652143235138
170610,2023-03-01,48.95608351331893
170625,2023-03-01,24.009603841536613
170650,2023-03-01,44.86460503124499
170700,2023-03-01,54.84892902737718
170710,2023-03-01,68.56982927511895
170720,2023-03-01,59.697146185206755
170730,2023-03-01,37.37906772207563
170740,2023-03-01,10.05631536604988
170755,2023-03-01,40.50769646232784
170765,2023-03-01,38.095238095238095
170770,2023-03-01,24.70297612045642
170820,2023-03-01,61.33987625346704
170825,2023-03-01,42.81949934123847
170830,2023-03-01,31.81547027241996
170900,2023-03-01,51.13723095710579
170930,2023-03-01,36.827518129010215
170950,2023-03-01,47.73642356037877
170980,2023-03-01,61.82380216383307
171050,2023-03-01,54.809536859413534
171070,2023-03-01,14.414414414414415
171090,2023-03-01,50.25125628140704
171110,2023-03-01,53.608247422680414
171150,2023-03-01,53.51886540005352
171180,2023-03-01,40.61371841155234
171190,2023-03-01,30.361032275097354
171195,2023-03-01,66.57156443176414
171200,2023-03-01,77.61194029850746
171215,2023-03-01,15.881418740074112
171240,2023-03-01,43.59197907585004
171245,2023-03-01,35.62176165803109
171250,2023-03-01,52.08333333333333
171270,2023-03-01,42.031523642732054
171280,2023-03-01,20.74074074074074
171320,2023-03-01,92.53547193090685
171330,2023-03-01,55.153909219646714
171360,2023-03-01,32.7242977911099
171370,2023-03-01,87.57297748123436
171380,2023-03-01,16.23640201331385
171395,2023-03-01,38.86729594669628
171420,2023-03-01,34.961214902217854
171430,2023-03-01,31.96459306614212
171488,2023-03-01,52.76360176455324
171500,2023-03-01,42.257022122793934
171510,2023-03-01,80.25682182985553
171515,2023-03-01,27.98507462686567
171525,2023-03-01,57.82575173477255
171550,2023-03-01,60.189165950128974
171570,2023-03-01,32.690984170681354
171575,2023-03-01,68.06352595756039
171610,2023-03-01,54.900366002440016
171620,2023-03-01,31.164415903295875
171630,2023-03-01,89.2468437091859
171650,2023-03-01,51.29627062248718
171660,2023-03-01,35.07194244604317
171665,2023-03-01,29.7342501393793
171670,2023-03-01,34.33171540191784
171700,2023-03-01,53.64327223960662
171720,2023-03-01,40.05826656955572
171750,2023-03-01,109.94696675721123
171780,2023-03-01,26.833631484794275
171790,2023-03-01,57.84615384615385
171800,2023-03-01,57.489619929734914
171820,2023-03-01,58.662822855035785
171830,2023-03-01,15.611061552185548
171840,2023-03-01,35.02626970227671
171845,2023-03-01,46.63816556548776
171850,2023-03-01,39.263803680981596
171855,2023-03-01,37.81979977753059
171865,2023-03-01,76.37231503579953
171870,2023-03-01,104.0582726326743
171875,2023-03-01,25.619128949615714
171880,2023-03-01,8.415737428992214
171884,2023-03-01,61.72839506172839
171886,2023-03-01,41.666666666666664
171888,2023-03-01,52.01958384332925
171889,2023-03-01,58.798824023519536
171890,2023-03-01,43.26328800988875
171900,2023-03-01,40.802448146888814
172000,2023-03-01,15.968063872255488
172010,2023-03-01,17.54385964912281
172015,2023-03-01,40.650406504065046
172020,2023-03-01,3.800258417572395
172025,2023-03-01,35.2112676056338
172030,2023-03-01,15.002143163309043
172049,2023-03-01,51.559047385219735
172065,2023-03-01,57.43931813970725
172080,2023-03-01,12.180267965895249
172085,2023-03-01,42.803638309256286
172090,2023-03-01,46.11453854302985
172093,2023-03-01,74.07407407407408
172097,2023-03-01,40.366972477064216
172100,2023-03-01,42.86350478735248
172110,2023-03-01,110.59670781893004
172120,2023-03-01,53.56676247713614
172125,2023-03-01,80.1201802704056
172130,2023-03-01,20.08838891120932
172208,2023-03-01,31.490552834149756
172210,2023-03-01,85.00357909806728
170025,2023-04-01,41.57218442932729
170030,2023-04-01,33.789219629927594
170035,2023-04-01,51.52671755725191
170040,2023-04-01,50.678193471456254
170070,2023-04-01,94.79768786127168
170100,2023-04-01,42.57044394891546
170105,2023-04-01,24.405125076266014
170110,2023-04-01,61.83921803311391
170130,2023-04-01,52.214620093626216
170190,2023-04-01,86.42156144719496
170200,2023-04-01,49.23742043953404
170210,2023-04-01,56.98020940895739
170215,2023-04-01,43.17627182278956
170220,2023-04-01,34.51856425223809
170230,2023-04-01,85.85776769803984
170240,2023-04-01,42.89799809342231
170255,2023-04-01,24.488926746166953
170270,2023-04-01,19.00624490904154
170290,2023-04-01,13.760566149007275
170300,2023-04-01,33.46230262469936
170305,2023-04-01,24.80022044640397
170307,2023-04-01,51.08556832694764
170310,2023-04-01,48.18383988139363
170320,2023-04-01,88.8585099111415
170330,2023-04-01,82.42324335462601
170360,2023-04-01,27.89400278940028
170370,2023-04-01,75.85814526834818
170380,2023-04-01,16.678370786516854
170382,2023-04-01,9.153318077803204
170384,2023-04-01,25.814138204924543
170386,2023-04-01,65.70004531037608
170388,2023-04-01,91.88973232121454
170389,2023-04-01,18.008747105737072
170390,2023-04-01,42.73504273504274
170410,2023-04-01,52.41482590789966
170460,2023-04-01,87.95669824086603
170510,2023-04-01,106.87022900763358
170550,2023-04-01,64.07097092163627
170555,2023-04-01,42.944785276073624
170560,2023-04-01,34.86924034869241
170600,2023-04-01,40.571529370259306
170610,2023-04-01,50.395968322534195
170625,2023-04-01,72.02881152460985
170650,2023-04-01,40.057683063611606
170700,2023-04-01,55.32176462244078
170710,2023-04-01,39.18275958578225
170720,2023-04-01,30.576587070471753
170730,2023-04-01,21.987686895338612
170740,2023-04-01,13.073209975864843
170755,2023-04-01,37.80718336483932
170765,2023-04-01,36.19047619047619
170770,2023-04-01,36.46629808257852
170820,2023-04-01,74.14124173245146
170825,2023-04-01,59.28853754940711
170830,2023-04-01,57.665539868761186
170900,2023-04-01,39.688597160738816
170930,2023-04-01,42.902160294620145
170950,2023-04-01,54.42844555482439
170980,2023-04-01,51.51983513652756
171050,2023-04-01,54.809536859413534
171070,2023-04-01,9.00900900900901
171090,2023-04-01,39.672044432689766
171110,2023-04-01,65.97938144329898
171150,2023-04-01,56.1948086700562
171180,2023-04-01,58.664259927797836
171190,2023-04-01,29.040987393571378
171195,2023-04-01,38.04089396100809
171200,2023-04-01,47.76119402985075
171215,2023-04-01,26.469031233456857
171240,2023-04-01,46.498111014240045
171245,2023-04-01,48.575129533678755
171250,2023-04-01,38.58024691358025
171270,2023-04-01,31.523642732049034
171280,2023-04-01,23.703703703703702
171320,2023-04-01,94.21793505692332
171330,2023-04-01,58.88052470746069
171360,2023-04-01,40.905372238887374
171370,2023-04-01,62.55212677231026
171380,2023-04-01,22.73096281863939
171395,2023-04-01,74.95835646862854
171420,2023-04-01,60.089588113186934
171430,2023-04-01,31.96459306614212
171488,2023-04-01,44.97880806158636
171500,2023-04-01,52.19985085756898
171510,2023-04-01,61.91240541160285
171515,2023-04-01,46.64179104477611
171525,2023-04-01,42.40555127216654
171550,2023-04-01,60.189165950128974
171570,2023-04-01,46.45560908465244
171575,2023-04-01,58.72147337515014
171610,2023-04-01,40.66693777958519
171620,2023-04-01,50.99631693266597
171630,2023-04-01,78.3630822812364
171650,2023-04-01,79.02398447248025
171660,2023-04-01,52.15827338129497
171665,2023-04-01,27.875859505668092
171670,2023-04-01,27.22860187048656
171700,2023-04-01,53.64327223960662
171720,2023-04-01,32.77494537509104
171750,2023-04-01,113.8274479368775
171780,2023-04-01,49.19499105545617
171790,2023-04-01,61.53846153846154
171800,2023-04-01,44.71414883423826
171820,2023-04-01,73.41233260144477
171830,2023-04-01,24.531668153434435
171840,2023-04-01,40.863981319322825
171845,2023-04-01,34.97862417411582
171850,2023-04-01,44.171779141104295
171855,2023-04-01,44.493882091212456
171865,2023-04-01,57.279236276849645
171870,2023-04-01,76.30939993062782
171875,2023-04-01,35.866780529462
171880,2023-04-01,31.559015358720806
171884,2023-04-01,89.78675645342312
171886,2023-04-01,49.479166666666664
171888,2023-04-01,55.07955936352509
171889,2023-04-01,37.7992440151197
171890,2023-04-01,76.22579316028018
171900,2023-04-01,71.40428425705542
172000,2023-04-01,39.92015968063872
172010,2023-04-01,28.07017543859649
172015,2023-04-01,69.68641114982579
172020,2023-04-01,3.0402067340579157
172025,2023-04-01,31.690140845070424
172030,2023-04-01,15.002143163309043
172049,2023-04-01,39.283083722072185
172065,2023-04-01,59.29219937002038
172080,2023-04-01,12.180267965895249
172085,2023-04-01,80.25682182985553
172090,2023-04-01,56.708419019131306
172093,2023-04-01,55.55555555555556
172097,2023-04-01,55.04587155963303
172100,2023-04-01,55.264850689032386
172110,2023-04-01,111.88271604938271
172120,2023-04-01,65.32532009406846
172125,2023-04-01,70.10515773660491
172130,2023-04-01,12.053033346725591
172208,2023-04-01,43.7368789363191
172210,2023-04-01,63.528990694345026
170025,2023-05-01,71.80650037792896
170030,2023-05-01,27.35317779565567
170035,2023-05-01,43.89312977099237
170040,2023-05-01,67.07407959457446
170070,2023-05-01,77.45664739884393
170100,2023-05-01,51.69268193796878
170105,2023-05-01,24.405125076266014
170110,2023-05-01,91.76142030720128
170130,2023-05-01,48.61361181130717
170190,2023-05-01,89.35110590303209
170200,2023-05-01,85.2648012489492
170210,2023-05-01,52.80701097337179
170215,2023-05-01,28.15843814529754
170220,2023-05-01,28.625150843319393
170230,2023-05-01,118.25692531994169
170240,2023-05-01,81.02955195424214
170255,2023-05-01,17.568143100511072
170270,2023-05-01,29.866956285636707
170290,2023-05-01,14.743463731079222
170300,2023-05-01,31.37090871065565
170305,2023-05-01,68.88950124001103
170307,2023-05-01,55.34269902085994
170310,2023-05-01,57.449962935507784
170320,2023-05-01,75.18796992481202
170330,2023-05-01,88.60498660622297
170360,2023-05-01,27.89400278940028
170370,2023-05-01,60.68651621467855
170380,2023-05-01,13.167134831460674
170382,2023-05-01,27.45995423340961
170384,2023-05-01,45.671167593328036
170386,2023-05-01,97.41730856366107
170388,2023-05-01,47.94246903715541
170389,2023-05-01,10.290712631849756
170390,2023-05-01,66.88963210702342
170410,2023-05-01,41.18307749906403
170460,2023-05-01,87.95669824086603
170510,2023-05-01,54.961832061068705
170550,2023-05-01,62.701933081430376
170555,2023-05-01,57.259713701431494
170560,2023-05-01,99.62640099626401
170600,2023-05-01,17.639795378373613
170610,2023-05-01,51.83585313174946
170625,2023-05-01,96.03841536614645
170650,2023-05-01,49.671526998878385
170700,2023-05-01,66.6698189039671
170710,2023-05-01,78.3655191715645
170720,2023-05-01,39.31275480489225
170730,2023-05-01,50.5716798592788
170740,2023-05-01,11.061946902654867
170755,2023-05-01,70.2133405347016
170765,2023-05-01,70.47619047619047
170770,2023-05-01,29.408304905305258
170820,2023-05-01,66.67377853637721
170825,2023-05-01,46.1133069828722
170830,2023-05-01,59.65400676078743
170900,2023-05-01,50.37398870401466
170930,2023-05-01,45.5598162420745
170950,2023-05-01,61.12046754927002
170980,2023-05-01,46.3678516228748
171050,2023-05-01,56.17977528089887
171070,2023-05-01,9.00900900900901
171090,2023-05-01,39.672044432689766
171110,2023-05-01,45.360824742268036
171150,2023-05-01,53.51886540005352
171180,2023-05-01,36.101083032490976
171190,2023-05-01,33.661144478912284
171195,2023-05-01,68.94912030432715
171200,2023-05-01,71.64179104477611
171215,2023-05-01,42.35044997353097
171240,2023-05-01,84.27782621331009
171245,2023-05-01,51.81347150259067
171250,2023-05-01,55.941358024691354
171270,2023-05-01,52.53940455341506
171280,2023-05-01,8.88888888888889
171320,2023-05-01,99.82614547697828
171330,2023-05-01,65.58843258552582
171360,2023-05-01,47.722934278701935
171370,2023-05-01,100.0834028356964
171380,2023-05-01,35.720084429290466
171395,2023-05-01,47.19600222098834
171420,2023-05-01,55.71943625040971
171430,2023-05-01,22.129333661175316
171488,2023-05-01,60.54839546752011
171500,2023-05-01,49.71414367387522
171510,2023-05-01,80.25682182985553
171515,2023-05-01,37.3134328358209
171525,2023-05-01,69.39090208172706
171550,2023-05-01,77.38607050730869
171570,2023-05-01,32.690984170681354
171575,2023-05-01,62.7252101961831
171610,2023-05-01,60.076158083478134
171620,2023-05-01,55.71819813013504
171630,2023-05-01,80.5398345668263
171650,2023-05-01,67.2397060862332
171660,2023-05-01,58.45323741007194
171665,2023-05-01,42.742984575357745
171670,2023-05-01,24.86089736000947
171700,2023-05-01,35.762181493071076
171720,2023-05-01,58.26656955571741
171750,2023-05-01,106.06648557754495
171780,2023-05-01,67.08407871198568
171790,2023-05-01,52.92307692307693
171800,2023-05-01,51.10188438198659
171820,2023-05-01,85.14489717245193
171830,2023-05-01,12.265834076717217
171840,2023-05-01,40.863981319322825
171845,2023-05-01,46.63816556548776
171850,2023-05-01,58.895705521472394
171855,2023-05-01,37.81979977753059
171865,2023-05-01,128.8782816229117
171870,2023-05-01,79.77800901838363
171875,2023-05-01,66.60973526900086
171880,2023-05-01,10.51967178624027
171884,2023-05-01,86.98092031425365
171886,2023-05-01,66.40625
171888,2023-05-01,82.61933904528763
171889,2023-05-01,54.59890802183957
171890,2023-05-01,61.80469715698393
171900,2023-05-01,91.80550833049982
172000,2023-05-01,35.92814371257485
172010,2023-05-01,22.807017543859647
172015,2023-05-01,110.33681765389082
172020,2023-05-01,1.5201033670289579
172025,2023-05-01,49.29577464788733
172030,2023-05-01,17.145306472353194
172049,2023-05-01,56.46943285047877
172065,2023-05-01,64.85084306095979
172080,2023-05-01,8.120178643930167
172085,2023-05-01,64.20545746388443
172090,2023-05-01,63.563282856608716
172093,2023-05-01,37.03703703703704
172097,2023-05-01,66.05504587155964
172100,2023-05-01,71.62473094336822
172110,2023-05-01,95.16460905349794
172120,2023-05-01,60.534796620503435
172125,2023-05-01,90.13520280420632
172130,2023-05-01,52.229811169144234
172208,2023-05-01,48.11056682995102
172210,2023-05-01,82.31925554760201
170025,2023-06-01,34.01360544217687
170030,2023-06-01,33.789219629927594
170035,2023-06-01,47.70992366412214
170040,2023-06-01,28.320166939931436
170070,2023-06-01,86.70520231213872
170100,2023-06-01,55.747009933103584
170105,2023-06-01,51.86089078706529
170110,2023-06-01,79.79253939756633
170130,2023-06-01,34.209578682030966
170190,2023-06-01,79.09770030760217
170200,2023-06-01,61.246547376005765
170210,2023-06-01,52.86051351741776
170215,2023-06-01,61.94856391965459
170220,2023-06-01,41.81517132994696
170230,2023-06-01,129.59663048760734
170240,2023-06-01,80.07626310772163
170255,2023-06-01,40.9923339011925
170270,2023-06-01,46.15802335052946
170290,2023-06-01,38.33300570080598
170300,2023-06-01,27.18812088256823
170305,2023-06-01,57.867181041609264
170307,2023-06-01,44.699872286079184
170310,2023-06-01,24.091919940696815
170320,2023-06-01,72.90954659375711
170330,2023-06-01,55.63568926437256
170360,2023-06-01,32.543003254300324
170370,2023-06-01,73.96169163663949
170380,2023-06-01,18.433988764044944
170382,2023-06-01,45.76659038901602
170384,2023-06-01,33.756949960285944
170386,2023-06-01,54.37245129134572
170388,2023-06-01,55.93288054334798
170389,2023-06-01,56.59891947517366
170390,2023-06-01,48.30917874396135
170410,2023-06-01,22.463496817671285
170460,2023-06-01,40.59539918809202
170510,2023-06-01,33.587786259541986
170550,2023-06-01,71.73758282678934
170555,2023-06-01,24.539877300613497
170560,2023-06-01,72.2291407222914
170600,2023-06-01,21.167754454048332
170610,2023-06-01,38.87688984881209
170625,2023-06-01,30.01200480192077
170650,2023-06-01,44.86460503124499
170700,2023-06-01,44.446545935978065
170710,2023-06-01,48.978449482227816
170720,2023-06-01,40.76878276062901
170730,2023-06-01,65.96306068601584
170740,2023-06-01,27.152051488334674
170755,2023-06-01,40.50769646232784
170765,2023-06-01,47.61904761904762
170770,2023-06-01,29.408304905305258
170820,2023-06-01,51.738852144228716
170825,2023-06-01,19.76284584980237
170830,2023-06-01,47.72320540862995
170900,2023-06-01,58.00641123492597
170930,2023-06-01,57.70910057329435
170950,2023-06-01,49.07482795926789
170980,2023-06-01,30.911901081916536
171050,2023-06-01,42.47739106604549
171070,2023-06-01,30.63063063063063
171090,2023-06-01,60.83046813012431
171110,2023-06-01,45.360824742268036
171150,2023-06-01,37.46320578003746
171180,2023-06-01,49.63898916967509
171190,2023-06-01,33.0011220381493
171195,2023-06-01,52.30622919638612
171200,2023-06-01,62.6865671641791
171215,2023-06-01,63.52567496029645
171240,2023-06-01,37.77971519907004
171245,2023-06-01,55.051813471502584
171250,2023-06-01,46.29629629629629
171270,2023-06-01,31.523642732049034
171280,2023-06-01,41.48148148148148
171320,2023-06-01,79.07576692277493
171330,2023-06-01,50.68197063426995
171360,2023-06-01,35.45132260703572
171370,2023-06-01,41.70141784820684
171380,2023-06-01,45.46192563727878
171395,2023-06-01,47.19600222098834
171420,2023-06-01,37.146290833606464
171430,2023-06-01,41.79985247110892
171488,2023-06-01,49.303693452123525
171500,2023-06-01,62.14267959234402
171510,2023-06-01,52.740197202476494
171515,2023-06-01,46.64179104477611
171525,2023-06-01,30.840400925212027
171550,2023-06-01,34.393809114359414
171570,2023-06-01,29.249827942188574
171575,2023-06-01,46.71026291205125
171610,2023-06-01,50.64882250730156
171620,2023-06-01,36.83067334025876
171630,2023-06-01,91.4235959947758
171650,2023-06-01,67.2397060862332
171660,2023-06-01,55.75539568345324
171665,2023-06-01,37.16781267422412
171670,2023-06-01,41.43482893334912
171700,2023-06-01,24.586499776486367
171720,2023-06-01,32.77494537509104
171750,2023-06-01,75.02263614021471
171780,2023-06-01,33.54203935599284
171790,2023-06-01,44.307692307692314
171800,2023-06-01,73.45895879910572
171820,2023-06-01,58.830430920335886
171830,2023-06-01,17.84121320249777
171840,2023-06-01,58.37711617046118
171845,2023-06-01,38.8651379712398
171850,2023-06-01,39.263803680981596
171855,2023-06-01,35.59510567296997
171865,2023-06-01,28.639618138424822
171870,2023-06-01,65.90357266736038
171875,2023-06-01,32.450896669513234
171880,2023-06-01,50.494424573953296
171884,2023-06-01,64.53423120089786
171886,2023-06-01,55.989583333333336
171888,2023-06-01,36.719706242350064
171889,2023-06-01,33.59932801343973
171890,2023-06-01,47.38360115368768
171900,2023-06-01,44.20265215912955
172000,2023-06-01,31.936127744510976
172010,2023-06-01,36.8421052631579
172015,2023-06-01,40.650406504065046
172020,2023-06-01,13.68093030326062
172025,2023-06-01,42.25352112676056
172030,2023-06-01,30.004286326618086
172049,2023-06-01,58.92462558310827
172065,2023-06-01,46.32203075782842
172080,2023-06-01,39.58587088915956
172085,2023-06-01,53.50454788657036
172090,2023-06-01,44.24503022371783
172093,2023-06-01,23.148148148148145
172097,2023-06-01,47.706422018348626
172100,2023-06-01,48.27556347262426
172110,2023-06-01,97.7366255144033
172120,2023-06-01,66.19632436198937
172125,2023-06-01,45.06760140210316
172130,2023-06-01,48.212133386902366
172208,2023-06-01,48.11056682995102
172210,2023-06-01,86.7931281317108
170025,2023-07-01,41.57218442932729
170030,2023-07-01,25.744167337087692
170035,2023-07-01,62.97709923664122
170040,2023-07-01,47.69712326725294
170070,2023-07-01,61.27167630057804
170100,2023-07-01,47.63835394283398
170105,2023-07-01,51.86089078706529
170110,2023-07-01,57.849591063235586
170130,2023-07-01,45.012603528988116
170190,2023-07-01,83.49201699135784
170200,2023-07-01,80.46115047436051
170210,2023-07-01,48.79432016992408
170215,2023-07-01,54.43964708090858
170220,2023-07-01,35.360480453512196
170230,2023-07-01,89.09768346023004
170240,2023-07-01,57.19733079122974
170255,2023-07-01,35.136286201022145
170270,2023-07-01,16.29106706489275
170290,2023-07-01,32.43562020837429
170300,2023-07-01,34.507999581721215
170305,2023-07-01,52.35602094240838
170307,2023-07-01,29.79991485738612
170310,2023-07-01,48.18383988139363
170320,2023-07-01,59.23900660742766
170330,2023-07-01,45.3327838450443
170360,2023-07-01,83.68200836820083
170370,2023-07-01,96.71913521714394
170380,2023-07-01,19.31179775280899
170382,2023-07-01,13.729977116704806
170384,2023-07-01,32.76409849086577
170386,2023-07-01,43.044857272315355
170388,2023-07-01,51.9376747902517
170389,2023-07-01,18.008747105737072
170390,2023-07-01,50.16722408026756
170410,2023-07-01,26.20741295394983
170460,2023-07-01,81.19079837618403
170510,2023-07-01,36.6412213740458
170550,2023-07-01,65.98762389792454
170555,2023-07-01,20.449897750511248
170560,2023-07-01,74.71980074719801
170600,2023-07-01,22.931733991885693
170610,2023-07-01,38.87688984881209
170625,2023-07-01,48.019207683073226
170650,2023-07-01,52.87614164396731
170700,2023-07-01,54.37609343231359
170710,2023-07-01,39.18275958578225
170720,2023-07-01,48.04892253931275
170730,2023-07-01,65.96306068601584
170740,2023-07-01,29.163314561544652
170755,2023-07-01,43.20820955981636
170765,2023-07-01,43.80952380952381
170770,2023-07-01,31.76096929772968
170820,2023-07-01,50.13868145935566
170825,2023-07-01,85.63899868247694
170830,2023-07-01,57.665539868761186
170900,2023-07-01,38.16211265455656
170930,2023-07-01,66.82106382170926
170950,2023-07-01,59.0013272510289
170980,2023-07-01,72.12776919113858
171050,2023-07-01,52.06906001644286
171070,2023-07-01,19.81981981981982
171090,2023-07-01,66.12007405448294
171110,2023-07-01,57.7319587628866
171150,2023-07-01,42.815092320042815
171180,2023-07-01,76.71480144404332
171190,2023-07-01,38.94132400501617
171195,2023-07-01,40.41844983357109
171200,2023-07-01,62.6865671641791
171215,2023-07-01,47.64425622022234
171240,2023-07-01,23.249055507120023
171245,2023-07-01,38.860103626943
171250,2023-07-01,34.72222222222222
171270,2023-07-01,28.021015761821367
171280,2023-07-01,35.55555555555556
171320,2023-07-01,65.61606191464304
171330,2023-07-01,32.048893195200115
171360,2023-07-01,51.81347150259067
171370,2023-07-01,66.72226855713095
171380,2023-07-01,16.23640201331385
171395,2023-07-01,36.091060521932256
171420,2023-07-01,42.608980662078004
171430,2023-07-01,34.42340791738382
171488,2023-07-01,35.46406020240464
171500,2023-07-01,37.28560775540642
171510,2023-07-01,50.44714515019491
171515,2023-07-01,37.3134328358209
171525,2023-07-01,38.55050115651504
171550,2023-07-01,34.393809114359414
171570,2023-07-01,29.249827942188574
171575,2023-07-01,42.70652609101829
171610,2023-07-01,55.085215719619946
171620,2023-07-01,69.88384172254226
171630,2023-07-01,17.414018284719198
171650,2023-07-01,61.00097046998475
171660,2023-07-01,35.97122302158274
171665,2023-07-01,22.30068760453447
171670,2023-07-01,58.00876050668876
171700,2023-07-01,71.52436298614215
171720,2023-07-01,47.341587764020396
171750,2023-07-01,58.207217694994185
171780,2023-07-01,55.903398926654745
171790,2023-07-01,51.692307692307686
171800,2023-07-01,83.0405621207282
171820,2023-07-01,73.41233260144477
171830,2023-07-01,17.84121320249777
171840,2023-07-01,32.10741389375365
171845,2023-07-01,27.20559657986786
171850,2023-07-01,31.901840490797547
171855,2023-07-01,71.19021134593994
171865,2023-07-01,76.37231503579953
171870,2023-07-01,55.49774540409296
171875,2023-07-01,42.69854824935952
171880,2023-07-01,44.18262150220913
171884,2023-07-01,67.34006734006734
171886,2023-07-01,59.895833333333336
171888,2023-07-01,21.419828641370867
171889,2023-07-01,12.5997480050399
171890,2023-07-01,51.50391429748661
171900,2023-07-01,74.80448826929616
172000,2023-07-01,31.936127744510976
172010,2023-07-01,26.31578947368421
172015,2023-07-01,40.650406504065046
172020,2023-07-01,15.96108535380406
172025,2023-07-01,3.5211267605633805
172030,2023-07-01,15.002143163309043
172049,2023-07-01,44.1934691873312
172065,2023-07-01,75.96813044283861
172080,2023-07-01,27.40560292326431
172085,2023-07-01,26.75227394328518
172090,2023-07-01,36.766996946469746
172093,2023-07-01,37.03703703703704
172097,2023-07-01,25.68807339449541
172100,2023-07-01,37.606076350231326
172110,2023-07-01,68.15843621399178
172120,2023-07-01,51.82475394129431
172125,2023-07-01,65.09764646970456
172130,2023-07-01,68.30052229811169
172208,2023-07-01,41.112666200139955
172210,2023-07-01,109.16249105225484
170025,2023-08-01,34.01360544217687
170030,2023-08-01,37.00724054706355
170035,2023-08-01,53.43511450381679
170040,2023-08-01,28.320166939931436
170070,2023-08-01,71.67630057803468
170100,2023-08-01,54.733427934319884
170105,2023-08-01,42.70896888346553
170110,2023-08-01,57.849591063235586
170130,2023-08-01,55.815628375945266
170190,2023-08-01,117.18177823348469
170200,2023-08-01,69.65293623153596
170210,2023-08-01,54.3585847507049
170215,2023-08-01,63.82579312934109
170220,2023-08-01,42.37644879746302
170230,2023-08-01,89.09768346023004
170240,2023-08-01,17.159199237368924
170255,2023-08-01,53.76916524701874
170270,2023-08-01,8.145533532446375
170290,2023-08-01,35.38431295459013
170300,2023-08-01,33.46230262469936
170305,2023-08-01,44.08928079360706
170307,2023-08-01,57.47126436781609
170310,2023-08-01,57.449962935507784
170320,2023-08-01,41.01161995898838
170330,2023-08-01,59.75685143210385
170360,2023-08-01,65.08600650860065
170370,2023-08-01,49.307794424426326
170380,2023-08-01,26.334269662921347
170382,2023-08-01,59.49656750572082
170384,2023-08-01,49.64257347100874
170386,2023-08-01,38.51381966470322
170388,2023-08-01,67.91849780263684
170389,2023-08-01,59.171597633136095
170390,2023-08-01,52.025269416573764
170410,2023-08-01,37.43916136278548
170460,2023-08-01,87.95669824086603
170510,2023-08-01,51.908396946564885
170550,2023-08-01,59.14243469689502
170555,2023-08-01,22.494887525562373
170560,2023-08-01,49.813200498132005
170600,2023-08-01,33.51561121890986
170610,2023-08-01,46.07631389488841
170625,2023-08-01,48.019207683073226
170650,2023-08-01,59.28537093414517
170700,2023-08-01,26.951628918624994
170710,2023-08-01,47.57906521130702
170720,2023-08-01,53.87303436225976
170730,2023-08-01,57.16798592788039
170740,2023-08-01,40.22526146419952
170755,2023-08-01,54.01026194977045
170765,2023-08-01,47.61904761904762
170770,2023-08-01,44.70062345606399
170820,2023-08-01,57.60614465542991
170825,2023-08-01,65.87615283267456
170830,2023-08-01,49.7116723006562
170900,2023-08-01,52.66371546328805
170930,2023-08-01,64.92273814495614
170950,2023-08-01,50.07863125843473
170980,2023-08-01,36.06388459556929
171050,2023-08-01,41.10715264456015
171070,2023-08-01,32.43243243243243
171090,2023-08-01,55.54086220576567
171110,2023-08-01,90.72164948453607
171150,2023-08-01,48.16697886004816
171180,2023-08-01,45.12635379061372
171190,2023-08-01,50.16170549798693
171195,2023-08-01,33.28578221588207
171200,2023-08-01,74.6268656716418
171215,2023-08-01,21.175224986765485
171240,2023-08-01,40.685847137460044
171245,2023-08-01,35.62176165803109
171250,2023-08-01,55.941358024691354
171270,2023-08-01,38.52889667250438
171280,2023-08-01,41.48148148148148
171320,2023-08-01,108.23846110706074
171330,2023-08-01,52.91793992695834
171360,2023-08-01,27.270248159258248
171370,2023-08-01,45.87155963302752
171380,2023-08-01,42.21464523461601
171395,2023-08-01,41.6435313714603
171420,2023-08-01,38.23882879930078
171430,2023-08-01,39.34103761986722
171488,2023-08-01,52.76360176455324
171500,2023-08-01,17.399950285856328
171510,2023-08-01,38.98188488878697
171515,2023-08-01,9.328358208955224
171525,2023-08-01,26.985350809560522
171550,2023-08-01,34.393809114359414
171570,2023-08-01,37.852718513420506
171575,2023-08-01,54.717736554117174
171610,2023-08-01,49.1700247698621
171620,2023-08-01,32.10879214278969
171630,2023-08-01,63.125816282107095
171650,2023-08-01,58.22819908498545
171660,2023-08-01,38.66906474820144
171665,2023-08-01,26.017468871956886
171670,2023-08-01,48.53794246478039
171700,2023-08-01,44.70272686633884
171720,2023-08-01,69.19155134741442
171750,2023-08-01,87.95757340576898
171780,2023-08-01,35.77817531305904
171790,2023-08-01,57.84615384615385
171800,2023-08-01,38.32641328648994
171820,2023-08-01,55.64587767963395
171830,2023-08-01,30.107047279214985
171840,2023-08-01,55.45826036193812
171845,2023-08-01,54.41119315973572
171850,2023-08-01,36.809815950920246
171855,2023-08-01,64.51612903225806
171865,2023-08-01,109.78520286396181
171870,2023-08-01,107.52688172043011
171875,2023-08-01,39.28266438941076
171880,2023-08-01,54.702293288449404
171884,2023-08-01,47.69921436588103
171886,2023-08-01,36.458333333333336
171888,2023-08-01,45.899632802937575
171889,2023-08-01,20.999580008399832
171890,2023-08-01,37.08281829419036
171900,2023-08-01,81.60489629377763
172000,2023-08-01,27.944111776447105
172010,2023-08-01,49.12280701754386
172015,2023-08-01,29.036004645760745
172020,2023-08-01,10.640723569202706
172025,2023-08-01,49.29577464788733
172030,2023-08-01,38.576939562794685
172049,2023-08-01,58.92462558310827
172065,2023-08-01,48.17491198814156
172080,2023-08-01,30.45066991473812
172085,2023-08-01,37.453183520599254
172090,2023-08-01,48.60721630211255
172093,2023-08-01,23.148148148148145
172097,2023-08-01,69.72477064220183
172100,2023-08-01,43.1418392340236
172110,2023-08-01,126.02880658436214
172120,2023-08-01,64.0188136921871
172125,2023-08-01,80.1201802704056
172130,2023-08-01,60.26516673362796
172208,2023-08-01,44.61161651504549
172210,2023-08-01,94.84609878310665
170025,2023-09-01,37.79289493575208
170030,2023-09-01,37.00724054706355
170035,2023-09-01,55.343511450381676
170040,2023-09-01,37.263377552541364
170070,2023-09-01,49.71098265895954
170100,2023-09-01,49.66551794040138
170105,2023-09-01,36.607687614399026
170110,2023-09-01,49.870337123478954
170130,2023-09-01,50.41411595246669
170190,2023-09-01,133.29427274058884
170200,2023-09-01,96.07301549177375
170210,2023-09-01,57.62223993750903
170215,2023-09-01,50.68518866153557
170220,2023-09-01,40.973255128672854
170230,2023-09-01,84.23780981694476
170240,2023-09-01,137.2735938989514
170255,2023-09-01,43.12180579216354
170270,2023-09-01,57.018734727124624
170290,2023-09-01,38.33300570080598
170300,2023-09-01,43.919272194917916
170305,2023-09-01,27.55580049600441
170307,2023-09-01,46.82843763303533
170310,2023-09-01,44.47739065974796
170320,2023-09-01,52.403736614262925
170330,2023-09-01,63.87801359983516
170360,2023-09-01,41.84100418410041
170370,2023-09-01,62.58296984638726
170380,2023-09-01,20.189606741573034
170382,2023-09-01,36.61327231121282
170384,2023-09-01,34.74980142970611
170386,2023-09-01,45.31037607612143
170388,2023-09-01,27.96644027167399
170389,2023-09-01,46.3082068433239
170390,2023-09-01,53.88331475287997
170410,2023-09-01,44.92699363534257
170460,2023-09-01,74.42489851150204
170510,2023-09-01,64.12213740458016
170550,2023-09-01,61.880510377306834
170555,2023-09-01,79.75460122699387
170560,2023-09-01,129.51432129514322
170600,2023-09-01,26.45969306756042
170610,2023-09-01,40.316774658027356
170625,2023-09-01,60.02400960384154
170650,2023-09-01,54.47844896651178
170700,2023-09-01,52.957586647122795
170710,2023-09-01,47.57906521130702
170720,2023-09-01,50.96097845078625
170730,2023-09-01,41.77660510114336
170740,2023-09-01,21.118262268704743
170755,2023-09-01,43.20820955981636
170765,2023-09-01,57.142857142857146
170770,2023-09-01,31.76096929772968
170820,2023-09-01,57.0727544271389
170825,2023-09-01,69.1699604743083
170830,2023-09-01,67.60787432889242
170900,2023-09-01,41.21508166692108
170930,2023-09-01,46.69881164812636
170950,2023-09-01,46.17495176167479
170980,2023-09-01,36.06388459556929
171050,2023-09-01,32.88572211564812
171070,2023-09-01,19.81981981981982
171090,2023-09-01,66.12007405448294
171110,2023-09-01,61.855670103092784
171150,2023-09-01,34.787262510034786
171180,2023-09-01,90.25270758122744
171190,2023-09-01,57.421952346379776
171195,2023-09-01,23.775558725630052
171200,2023-09-01,95.5223880597015
171215,2023-09-01,95.28851244044468
171240,2023-09-01,40.685847137460044
171245,2023-09-01,25.906735751295336
171250,2023-09-01,75.23148148148148
171270,2023-09-01,49.03677758318739
171280,2023-09-01,26.666666666666664
171320,2023-09-01,109.36010319107173
171330,2023-09-01,62.60714019527465
171360,2023-09-01,47.722934278701935
171370,2023-09-01,95.91326105087573
171380,2023-09-01,30.849163825296312
171395,2023-09-01,38.86729594669628
171420,2023-09-01,54.626898284715395
171430,2023-09-01,46.71748217359233
171488,2023-09-01,37.1940143586195
171500,2023-09-01,34.799900571712655
171510,2023-09-01,57.326301307039664
171515,2023-09-01,55.97014925373134
171525,2023-09-01,46.26060138781804
171550,2023-09-01,77.38607050730869
171570,2023-09-01,41.293874741913285
171575,2023-09-01,48.044841852395564
171610,2023-09-01,52.127620244741024
171620,2023-09-01,42.49693077722164
171630,2023-09-01,76.18632999564649
171650,2023-09-01,65.85332039373354
171660,2023-09-01,37.76978417266187
171665,2023-09-01,33.45103140680171
171670,2023-09-01,50.90564697525749
171700,2023-09-01,67.05409029950827
171720,2023-09-01,65.54989075018209
171750,2023-09-01,98.30552321821239
171780,2023-09-01,49.19499105545617
171790,2023-09-01,67.6923076923077
171800,2023-09-01,38.32641328648994
171820,2023-09-01,78.10535842984766
171830,2023-09-01,22.301516503122212
171840,2023-09-01,49.620548744892005
171845,2023-09-01,46.63816556548776
171850,2023-09-01,29.447852760736197
171855,2023-09-01,37.81979977753059
171865,2023-09-01,128.8782816229117
171870,2023-09-01,104.0582726326743
171875,2023-09-01,27.327070879590096
171880,2023-09-01,29.455081001472752
171884,2023-09-01,86.98092031425365
171886,2023-09-01,44.270833333333336
171888,2023-09-01,58.13953488372093
171889,2023-09-01,25.1994960100798
171890,2023-09-01,37.08281829419036
171900,2023-09-01,54.403264195851754
172000,2023-09-01,35.92814371257485
172010,2023-09-01,33.333333333333336
172015,2023-09-01,58.07200929152149
172020,2023-09-01,15.20103367028958
172025,2023-09-01,21.12676056338028
172030,2023-09-01,21.431633090441494
172049,2023-09-01,71.20058924625583
172065,2023-09-01,59.29219937002038
172080,2023-09-01,12.180267965895249
172085,2023-09-01,53.50454788657036
172090,2023-09-01,56.08524957936063
172093,2023-09-01,23.148148148148145
172097,2023-09-01,22.018348623853214
172100,2023-09-01,36.64736881169747
172110,2023-09-01,92.59259259259258
172120,2023-09-01,56.17977528089887
172125,2023-09-01,30.045067601402103
172130,2023-09-01,52.229811169144234
172208,2023-09-01,41.98740377886634
172210,2023-09-01,105.58339298496779
170025,2023-10-01,41.57218442932729
170030,2023-10-01,38.61625100563154
170035,2023-10-01,53.43511450381679
170040,2023-10-01,49.187658369354594
170070,2023-10-01,80.92485549132948
170100,2023-10-01,61.8285019258058
170105,2023-10-01,54.91153142159854
170110,2023-10-01,79.79253939756633
170130,2023-10-01,39.611091105509544
170190,2023-10-01,143.54767833601875
170200,2023-10-01,57.643809295064244
170210,2023-10-01,51.68345754840642
170215,2023-10-01,20.64952130655153
170220,2023-10-01,42.095810063704995
170230,2023-10-01,163.61574599060424
170240,2023-10-01,115.34795042897998
170255,2023-10-01,42.05706984667802
170270,2023-10-01,40.72766766223187
170290,2023-10-01,33.41851779044623
170300,2023-10-01,35.553696538743075
170305,2023-10-01,88.17856158721412
170307,2023-10-01,61.72839506172839
170310,2023-10-01,57.449962935507784
170320,2023-10-01,59.23900660742766
170330,2023-10-01,32.9692973418504
170360,2023-10-01,51.13900511390051
170370,2023-10-01,72.06523800493078
170380,2023-10-01,29.845505617977526
170382,2023-10-01,59.49656750572082
170384,2023-10-01,34.74980142970611
170386,2023-10-01,58.90348889895787
170388,2023-10-01,43.947263284059126
170389,2023-10-01,46.3082068433239
170390,2023-10-01,55.74136008918618
170410,2023-10-01,14.97566454511419
170460,2023-10-01,54.12719891745603
170510,2023-10-01,51.908396946564885
170550,2023-10-01,61.880510377306834
170555,2023-10-01,67.48466257668711
170560,2023-10-01,62.266500622665006
170600,2023-10-01,37.04357029458458
170610,2023-10-01,56.15550755939525
170625,2023-10-01,72.02881152460985
170650,2023-10-01,65.69460022432303
170700,2023-10-01,64.30564092864911
170710,2023-10-01,72.76798208788134
170720,2023-10-01,42.22481071636575
170730,2023-10-01,59.366754617414244
170740,2023-10-01,27.152051488334674
170755,2023-10-01,21.60410477990818
170765,2023-10-01,60.952380952380956
170770,2023-10-01,27.05564051288084
170820,2023-10-01,53.872413057392784
170825,2023-10-01,46.1133069828722
170830,2023-10-01,47.72320540862995
170900,2023-10-01,35.872385895283166
170930,2023-10-01,40.2445043471658
170950,2023-10-01,47.29028876074906
170980,2023-10-01,51.51983513652756
171050,2023-10-01,23.294053165250755
171070,2023-10-01,27.027027027027028
171090,2023-10-01,47.60645331922771
171110,2023-10-01,32.98969072164949
171150,2023-10-01,37.46320578003746
171180,2023-10-01,49.63898916967509
171190,2023-10-01,54.12184014256484
171195,2023-10-01,40.41844983357109
171200,2023-10-01,56.71641791044777
171215,2023-10-01,63.52567496029645
171240,2023-10-01,49.40424295263005
171245,2023-10-01,29.145077720207254
171250,2023-10-01,52.08333333333333
171270,2023-10-01,45.534150612959714
171280,2023-10-01,35.55555555555556
171320,2023-10-01,97.58286130895631
171330,2023-10-01,59.625847805023476
171360,2023-10-01,27.270248159258248
171370,2023-10-01,87.57297748123436
171380,2023-10-01,38.96736483195324
171395,2023-10-01,38.86729594669628
171420,2023-10-01,55.71943625040971
171430,2023-10-01,24.588148512417014
171488,2023-10-01,55.358532998875525
171500,2023-10-01,42.257022122793934
171510,2023-10-01,57.326301307039664
171515,2023-10-01,69.96268656716418
171525,2023-10-01,23.13030069390902
171550,2023-10-01,17.196904557179707
171570,2023-10-01,15.485203028217482
171575,2023-10-01,34.69905244895236
171610,2023-10-01,62.84890384117712
171620,2023-10-01,52.8850694116536
171630,2023-10-01,67.4793208532869
171650,2023-10-01,29.807292388742546
171660,2023-10-01,35.07194244604317
171665,2023-10-01,24.159078238245677
171670,2023-10-01,41.43482893334912
171700,2023-10-01,100.5811354492624
171720,2023-10-01,25.491624180626363
171750,2023-10-01,97.01202949165696
171780,2023-10-01,44.72271914132379
171790,2023-10-01,45.53846153846154
171800,2023-10-01,60.683487703609075
171820,2023-10-01,74.08276486264519
171830,2023-10-01,17.84121320249777
171840,2023-10-01,20.431990659661412
171845,2023-10-01,46.63816556548776
171850,2023-10-01,12.269938650306749
171855,2023-10-01,35.59510567296997
171865,2023-10-01,109.78520286396181
171870,2023-10-01,76.30939993062782
171875,2023-10-01,27.327070879590096
171880,2023-10-01,46.28655585945719
171884,2023-10-01,44.89337822671156
171886,2023-10-01,37.760416666666664
171888,2023-10-01,24.479804161566705
171889,2023-10-01,25.1994960100798
171890,2023-10-01,74.16563658838072
171900,2023-10-01,54.403264195851754
172000,2023-10-01,23.952095808383234
172010,2023-10-01,57.89473684210527
172015,2023-10-01,81.30081300813009
172020,2023-10-01,13.68093030326062
172025,2023-10-01,17.6056338028169
172030,2023-10-01,34.29061294470639
172049,2023-10-01,71.20058924625583
172065,2023-10-01,48.17491198814156
172080,2023-10-01,18.270401948842874
172085,2023-10-01,42.803638309256286
172090,2023-10-01,53.59257182027793
172093,2023-10-01,32.407407407407405
172097,2023-10-01,44.03669724770643
172100,2023-10-01,43.94591652440684
172110,2023-10-01,75.87448559670781
172120,2023-10-01,54.87326887901751
172125,2023-10-01,60.090135202804206
172130,2023-10-01,12.053033346725591
172208,2023-10-01,24.4926522043387
172210,2023-10-01,59.05511811023622
170025,2023-11-01,49.130763416477706
170030,2023-11-01,28.962188254223655
170035,2023-11-01,57.25190839694657
170040,2023-11-01,49.187658369354594
170070,2023-11-01,71.67630057803468
170100,2023-11-01,36.488951956213256
170105,2023-11-01,36.607687614399026
170110,2023-11-01,49.870337123478954
170130,2023-11-01,37.81058696435002
170190,2023-11-01,140.61813388018163
170200,2023-11-01,74.45658700612465
170210,2023-11-01,47.13574130449903
170215,2023-11-01,33.79012577435705
170220,2023-11-01,30.589621979625626
170230,2023-11-01,84.23780981694476
170240,2023-11-01,23.832221163012395
170255,2023-11-01,27.150766609880748
170270,2023-11-01,10.860711376595166
170290,2023-11-01,29.486927462158445
170300,2023-11-01,29.27951479661194
170305,2023-11-01,49.60044089280794
170307,2023-11-01,25.54278416347382
170310,2023-11-01,31.50481838398814
170320,2023-11-01,50.125313283208015
170330,2023-11-01,32.9692973418504
170360,2023-11-01,41.84100418410041
170370,2023-11-01,49.307794424426326
170380,2023-11-01,19.31179775280899
170382,2023-11-01,45.76659038901602
170384,2023-11-01,17.871326449563146
170386,2023-11-01,61.169007702763935
170388,2023-11-01,31.961646024770275
170389,2023-11-01,36.017494211474144
170390,2023-11-01,52.025269416573764
170410,2023-11-01,18.71958068139274
170460,2023-11-01,60.893098782138026
170510,2023-11-01,97.70992366412214
170550,2023-11-01,55.035321176277314
170555,2023-11-01,16.359918200409
170560,2023-11-01,34.86924034869241
170600,2023-11-01,15.87581584053625
170610,2023-11-01,48.95608351331893
170625,2023-11-01,48.019207683073226
170650,2023-11-01,44.86460503124499
170700,2023-11-01,64.77847652371271
170710,2023-11-01,32.18583823117828
170720,2023-11-01,43.68083867210251
170730,2023-11-01,72.55936675461741
170740,2023-11-01,19.10699919549477
170755,2023-11-01,64.81231433972455
170765,2023-11-01,30.476190476190478
170770,2023-11-01,28.23197270909305
170820,2023-11-01,52.80563260081075
170825,2023-11-01,79.05138339920948
170830,2023-11-01,47.72320540862995
170900,2023-11-01,37.39887040146542
170930,2023-11-01,52.01412354303504
170950,2023-11-01,54.651512954639244
170980,2023-11-01,25.75991756826378
171050,2023-11-01,41.10715264456015
171070,2023-11-01,19.81981981981982
171090,2023-11-01,23.803226659613856
171110,2023-11-01,49.48453608247422
171150,2023-11-01,26.75943270002676
171180,2023-11-01,36.101083032490976
171190,2023-11-01,50.82172793874992
171195,2023-11-01,30.90822634331907
171200,2023-11-01,59.701492537313435
171215,2023-11-01,21.175224986765485
171240,2023-11-01,37.77971519907004
171245,2023-11-01,22.66839378238342
171250,2023-11-01,36.651234567901234
171270,2023-11-01,42.031523642732054
171280,2023-11-01,23.703703703703702
171320,2023-11-01,91.41382984689585
171330,2023-11-01,53.66326302452113
171360,2023-11-01,23.17971093536951
171370,2023-11-01,54.211843202668895
171380,2023-11-01,35.720084429290466
171395,2023-11-01,38.86729594669628
171420,2023-11-01,48.07167049054955
171430,2023-11-01,31.96459306614212
171488,2023-11-01,29.40922065565262
171500,2023-11-01,37.28560775540642
171510,2023-11-01,38.98188488878697
171515,2023-11-01,13.992537313432836
171525,2023-11-01,46.26060138781804
171550,2023-11-01,68.78761822871883
171570,2023-11-01,32.690984170681354
171575,2023-11-01,46.71026291205125
171610,2023-11-01,52.31246996192096
171620,2023-11-01,39.6638020587402
171630,2023-11-01,34.828036569438396
171650,2023-11-01,29.114099542492724
171660,2023-11-01,60.25179856115108
171665,2023-11-01,27.875859505668092
171670,2023-11-01,53.27335148573458
171700,2023-11-01,80.46490835940992
171720,2023-11-01,36.41660597232338
171750,2023-11-01,80.19661104643642
171780,2023-11-01,33.54203935599284
171790,2023-11-01,43.07692307692307
171800,2023-11-01,51.10188438198659
171820,2023-11-01,66.03757772824028
171830,2023-11-01,16.726137377341658
171840,2023-11-01,43.78283712784589
171845,2023-11-01,46.63816556548776
171850,2023-11-01,26.993865030674847
171855,2023-11-01,40.04449388209121
171865,2023-11-01,62.05250596658711
171870,2023-11-01,62.43496357960458
171875,2023-11-01,27.327070879590096
171880,2023-11-01,25.247212286976648
171884,2023-11-01,44.89337822671156
171886,2023-11-01,48.177083333333336
171888,2023-11-01,12.239902080783352
171889,2023-11-01,41.999160016799664
171890,2023-11-01,53.56407086938607
171900,2023-11-01,30.60183611016661
172000,2023-11-01,59.880239520958085
172010,2023-11-01,28.07017543859649
172015,2023-11-01,40.650406504065046
172020,2023-11-01,12.920878619746142
172025,2023-11-01,35.2112676056338
172030,2023-11-01,23.574796399485642
172049,2023-11-01,83.47655290940338
172065,2023-11-01,72.26236798221234
172080,2023-11-01,17.255379618351604
172085,2023-11-01,74.90636704119851
172090,2023-11-01,55.46208013958996
172093,2023-11-01,55.55555555555556
172097,2023-11-01,55.04587155963303
172100,2023-11-01,36.27625621613598
172110,2023-11-01,82.3045267489712
172120,2023-11-01,57.486281682780245
172125,2023-11-01,15.022533800701051
172130,2023-11-01,52.229811169144234
172208,2023-11-01,14.870538838348496
172210,2023-11-01,53.686471009305656
170025,2023-12-01,86.92365835222978
170030,2023-12-01,27.35317779565567
170035,2023-12-01,55.343511450381676
170040,2023-12-01,67.07407959457446
170070,2023-12-01,62.42774566473989
170100,2023-12-01,75.00506790999391
170105,2023-12-01,48.81025015253203
170110,2023-12-01,55.85477757829643
170130,2023-12-01,43.21209938782859
170190,2023-12-01,93.74542258678775
170200,2023-12-01,73.25567431247748
170210,2023-12-01,66.2361495289101
170215,2023-12-01,26.281208935611037
170220,2023-12-01,31.71217691465776
170230,2023-12-01,108.53717803337112
170240,2023-12-01,91.5157292659676
170255,2023-12-01,36.20102214650767
170270,2023-12-01,24.436600597339126
170290,2023-12-01,22.606644387654804
170300,2023-12-01,35.553696538743075
170305,2023-12-01,68.88950124001103
170307,2023-12-01,38.314176245210724
170310,2023-12-01,79.68865826538176
170320,2023-12-01,68.3526999316473
170330,2023-12-01,70.05975685143211
170360,2023-12-01,27.89400278940028
170370,2023-12-01,68.27233074151337
170380,2023-12-01,25.456460674157306
170382,2023-12-01,54.91990846681922
170384,2023-12-01,42.692613185067515
170386,2023-12-01,43.044857272315355
170388,2023-12-01,51.9376747902517
170389,2023-12-01,38.59017236943659
170390,2023-12-01,33.44481605351171
170410,2023-12-01,56.15874204417821
170460,2023-12-01,87.95669824086603
170510,2023-12-01,67.17557251908397
170550,2023-12-01,58.047204424730296
170555,2023-12-01,47.03476482617587
170560,2023-12-01,44.831880448318806
170600,2023-12-01,26.45969306756042
170610,2023-12-01,51.83585313174946
170625,2023-12-01,24.009603841536613
170650,2023-12-01,52.87614164396731
170700,2023-12-01,55.32176462244078
170710,2023-12-01,47.57906521130702
170720,2023-12-01,43.68083867210251
170730,2023-12-01,50.5716798592788
170740,2023-12-01,29.163314561544652
170755,2023-12-01,56.710775047258984
170765,2023-12-01,55.238095238095234
170770,2023-12-01,39.99529467121515
170820,2023-12-01,45.87155963302752
170825,2023-12-01,49.40711462450593
170830,2023-12-01,49.7116723006562
170900,2023-12-01,38.92535490764769
170930,2023-12-01,59.22776111469683
170950,2023-12-01,46.844153961119346
170980,2023-12-01,25.75991756826378
171050,2023-12-01,42.47739106604549
171070,2023-12-01,30.63063063063063
171090,2023-12-01,66.12007405448294
171110,2023-12-01,57.7319587628866
171150,2023-12-01,29.435375970029437
171180,2023-12-01,58.664259927797836
171190,2023-12-01,56.10190746485381
171195,2023-12-01,42.796005706134096
171200,2023-12-01,62.6865671641791
171215,2023-12-01,63.52567496029645
171240,2023-12-01,49.40424295263005
171245,2023-12-01,42.098445595854926
171250,2023-12-01,67.51543209876543
171270,2023-12-01,45.534150612959714
171280,2023-12-01,32.59259259259259
171320,2023-12-01,80.75823004879143
171330,2023-12-01,57.3898785123351
171360,2023-12-01,36.814835014998636
171370,2023-12-01,62.55212677231026
171380,2023-12-01,53.5801266439357
171395,2023-12-01,63.85341476957247
171420,2023-12-01,51.349284387632466
171430,2023-12-01,49.17629702483403
171488,2023-12-01,65.7382579361647
171500,2023-12-01,44.742729306487696
171510,2023-12-01,73.37766567301078
171515,2023-12-01,88.61940298507463
171525,2023-12-01,42.40555127216654
171550,2023-12-01,103.18142734307825
171570,2023-12-01,39.57329662766689
171575,2023-12-01,36.03363138929668
171610,2023-12-01,51.018521941661426
171620,2023-12-01,36.83067334025876
171630,2023-12-01,41.3582934262081
171650,2023-12-01,79.71717731873007
171660,2023-12-01,33.273381294964025
171665,2023-12-01,37.16781267422412
171670,2023-12-01,60.376465017165856
171700,2023-12-01,111.75681716584711
171720,2023-12-01,69.19155134741442
171750,2023-12-01,80.19661104643642
171780,2023-12-01,53.66726296958855
171790,2023-12-01,43.07692307692307
171800,2023-12-01,31.938677738741617
171820,2023-12-01,72.57429227494427
171830,2023-12-01,31.222123104371097
171840,2023-12-01,64.2148277875073
171845,2023-12-01,34.97862417411582
171850,2023-12-01,49.079754601226995
171855,2023-12-01,68.9655172413793
171865,2023-12-01,47.7326968973747
171870,2023-12-01,58.96635449184877
171875,2023-12-01,34.158838599487616
171880,2023-12-01,69.42983378918578
171884,2023-12-01,36.47586980920314
171886,2023-12-01,41.666666666666664
171888,2023-12-01,67.31946144430844
171889,2023-12-01,12.5997480050399
171890,2023-12-01,55.62422744128554
171900,2023-12-01,64.60387623257395
172000,2023-12-01,55.88822355289421
172010,2023-12-01,31.57894736842105
172015,2023-12-01,34.84320557491289
172020,2023-12-01,15.96108535380406
172025,2023-12-01,28.169014084507044
172030,2023-12-01,47.149592798971284
172049,2023-12-01,58.92462558310827
172065,2023-12-01,64.85084306095979
172080,2023-12-01,22.330491270807958
172085,2023-12-01,80.25682182985553
172090,2023-12-01,54.83891069981928
172093,2023-12-01,64.81481481481481
172097,2023-12-01,36.69724770642202
172100,2023-12-01,46.45092654444692
172110,2023-12-01,84.87654320987654
172120,2023-12-01,48.77623900357112
172125,2023-12-01,55.08262393590386
172130,2023-12-01,76.33587786259541
172208,2023-12-01,43.7368789363191
172210,2023-12-01,70.68718682891911
